player_id,version,name,full_name,description,image,height_cm,weight_kg,dob,positions,overall_rating,potential,value,wage,preferred_foot,weak_foot,skill_moves,international_reputation,body_type,real_face,release_clause,specialities,club_id,club_name,club_league_id,club_league_name,club_logo,club_rating,club_position,club_kit_number,club_joined,club_contract_valid_until,country_id,country_name,country_league_id,country_league_name,country_flag,country_rating,country_position,country_kit_number,attacking_crossing,attacking_finishing,attacking_heading_accuracy,attacking_short_passing,attacking_volleys,skill_dribbling,skill_curve,skill_fk_accuracy,skill_long_passing,skill_ball_control,movement_acceleration,movement_sprint_speed,movement_agility,movement_reactions,movement_balance,power_shot_power,power_jumping,power_stamina,power_strength,power_long_shots,mentality_aggression,mentality_interceptions,mentality_att_positioning,mentality_vision,mentality_penalties,mentality_composure,defending_defensive_awareness,defending_standing_tackle,defending_sliding_tackle,goalkeeping_gk_diving,goalkeeping_gk_handling,goalkeeping_gk_kicking,goalkeeping_gk_positioning,goalkeeping_gk_reflexes,play_styles,url
231747,FC 26,K. Mbappé,Kylian Mbappé,"Kylian Mbappé (Kylian Mbappé Lottin, born 20 December 1998) is a French footballer who plays as a striker for Spanish club Real Madrid, and the France national team. In the game FC 26, his overall rating is 91.",https://cdn.sofifa.net/players/231/747/26_360.png,182,81,1998-12-20,"ST, LW, LM",91,94,173500000,610000,Right,4,5,5,Unique,Yes,368700000,"#Speedster, #Dribbler, #Distance shooter, #Acrobat, #Clinical finisher, #Complete forward",243,Real Madrid,53,La Liga,https://cdn.sofifa.net/meta/team/3468/30.png,5,ST,10,"Jul 1, 2024",2029,1335,France,78,Friendly International,https://cdn.sofifa.net/flags/undefined.png,5,ST,10,78,92,78,87,87,92,80,69,74,93,97,97,93,91,82,91,90,83,77,86,61,38,91,83,82,88,26,34,32,13,5,7,11,6,"Quick Step, Finesse Shot, Acrobatic, Low Driven Shot, Gamechanger, Rapid, First Touch, One Club Player",https://sofifa.com/player/231747/kylian-mbappe/260006/
209331,FC 26,M. Salah,Mohamed Salah,"Mohamed Salah (Mohamed Salah Hamed Ghaly, born 15 June 1992) is an Egyptian footballer who plays as a right midfield for British club Liverpool. In the game FC 26, his overall rating is 91.",https://cdn.sofifa.net/players/209/331/26_360.png,175,72,1992-06-15,"RM, RW",91,91,82000000,370000,Left,3,4,5,Unique,Yes,151700000,"#Dribbler, #Crosser, #Acrobat",9,Liverpool,13,Premier League,https://cdn.sofifa.net/meta/team/8/30.png,5,RM,11,"Jul 1, 2017",2027,,,,,,,,,86,94,59,88,83,90,88,69,81,90,88,89,86,94,91,83,79,88,75,78,63,55,93,89,88,93,38,43,41,14,14,9,11,14,"Finesse Shot, Low Driven Shot, Gamechanger, Whipped Pass, Inventive, Technical, First Touch, One Club Player",https://sofifa.com/player/209331/mohamed-salah/260006/
252371,FC 26,J. Bellingham,Jude Bellingham,"Jude Bellingham (Jude Victor William Bellingham, born 29 June 2003) is a British footballer who plays as a central attacking midfielder for Spanish club Real Madrid, and the England national team. In the game FC 26, his overall rating is 90.",https://cdn.sofifa.net/players/252/371/26_360.png,186,75,2003-06-29,"CAM, CM",90,94,174500000,320000,Right,4,4,5,Normal (170-185),Yes,370800000,"#Dribbler, #Playmaker, #Clinical finisher, #Complete midfielder, #Complete forward",243,Real Madrid,53,La Liga,https://cdn.sofifa.net/meta/team/3468/30.png,5,CAM,5,"Jul 1, 2023",2029,1318,England,78,Friendly International,https://cdn.sofifa.net/flags/undefined.png,5,CAM,10,66,88,75,90,77,91,73,68,89,91,81,80,83,91,83,86,85,94,80,87,85,82,91,90,74,90,77,79,77,14,11,10,5,8,"Relentless, Low Driven Shot, Gamechanger, Inventive, Slide Tackle, Technical, First Touch, Injury Prone",https://sofifa.com/player/252371/jude-bellingham/260006/
239085,FC 26,E. Haaland,Erling Haaland,"Erling Haaland (Erling Braut Håland, born 21 July 2000) is a Norwegian footballer who plays as a striker for British club Manchester City, and the Norway national team. In the game FC 26, his overall rating is 90.",https://cdn.sofifa.net/players/239/085/26_360.png,195,94,2000-07-21,ST,90,92,157000000,260000,Left,3,3,5,Unique,Yes,302200000,"#Aerial threat, #Distance shooter, #Strength, #Clinical finisher, #Complete forward",10,Manchester City,13,Premier League,https://cdn.sofifa.net/meta/team/9/30.png,5,ST,9,"Jul 1, 2022",2034,1352,Norway,78,Friendly International,https://cdn.sofifa.net/flags/undefined.png,5,ST,9,58,94,83,77,90,79,77,62,66,82,79,92,71,93,69,94,92,76,93,83,88,43,95,74,90,86,38,47,29,7,14,13,11,7,"Low Driven Shot, Chip Shot, Power Shot, Precision Header, Acrobatic, Gamechanger, Enforcer",https://sofifa.com/player/239085/erling-haaland/260006/
231866,FC 26,Rodri,Rodrigo Hernández Cascante,"Rodri (born 22 June 1996) is a Spanish footballer who plays as a central defensive midfielder for British club Manchester City, and the Spain national team. In the game FC 26, his overall rating is 90.",https://cdn.sofifa.net/players/231/866/26_360.png,190,82,1996-06-22,"CDM, CM",90,90,102000000,270000,Right,4,3,5,Normal (185+),Yes,188700000,#Distance shooter,10,Manchester City,13,Premier League,https://cdn.sofifa.net/meta/team/9/30.png,5,CDM,16,"Jul 4, 2019",2027,1362,Spain,78,Friendly International,https://cdn.sofifa.net/flags/undefined.png,5,SUB,16,76,74,81,93,71,84,86,64,91,90,65,65,66,93,67,92,83,91,83,89,85,84,76,84,62,93,88,87,82,10,10,7,14,8,"Tiki Taka, Power Shot, Long Ball Pass, Aerial Fortress, Press Proven, Bruiser, Injury Prone",https://sofifa.com/player/231866/rodrigo-hernandez-cascante/260006/
231443,FC 26,O. Dembélé,Ousmane Dembélé,"Ousmane Dembélé (Masour Ousmane Dembélé, born 15 May 1997) is a French footballer who plays as a striker for French club Paris Saint-Germain, and the France national team. In the game FC 26, his overall rating is 90.",https://cdn.sofifa.net/players/231/443/26_360.png,178,67,1997-05-15,"ST, RW, CAM",90,90,122500000,220000,Left,5,5,5,Unique,Yes,226600000,"#Speedster, #Dribbler, #Distance shooter, #Acrobat, #Clinical finisher, #Complete forward",73,Paris Saint-Germain,16,Ligue 1,https://cdn.sofifa.net/meta/team/591/30.png,5,ST,10,"Aug 12, 2023",2028,1335,France,78,Friendly International,https://cdn.sofifa.net/flags/undefined.png,5,RW,7,80,90,74,89,79,94,85,68,78,94,93,89,94,91,81,91,84,76,69,85,58,45,95,84,80,88,49,49,39,6,6,14,10,13,"Rapid, Low Driven Shot, Pinged Pass, Inventive, Trickster, Quick Step",https://sofifa.com/player/231443/ousmane-dembele/260006/
203376,FC 26,V. van Dijk,Virgil van Dijk,"Virgil van Dijk (born 8 July 1991) is a Dutch footballer who plays as a center back for British club Liverpool, and the Netherlands national team. In the game FC 26, his overall rating is 90.",https://cdn.sofifa.net/players/203/376/26_360.png,193,92,1991-07-08,CB,90,90,57000000,230000,Right,3,2,5,Unique,Yes,105500000,"#Tackling, #Tactician, #Strength, #Complete defender",9,Liverpool,13,Premier League,https://cdn.sofifa.net/meta/team/8/30.png,5,LCB,4,"Jan 1, 2018",2027,105035,Netherlands,78,Friendly International,https://cdn.sofifa.net/flags/undefined.png,5,LCB,4,53,52,88,80,45,70,60,70,83,77,66,78,54,90,50,81,89,75,93,64,85,91,47,70,62,90,91,91,87,13,10,13,11,11,"Intercept, Precision Header, Pinged Pass, Jockey, Anticipate, Aerial Fortress, Bruiser, One Club Player",https://sofifa.com/player/203376/virgil-van-dijk/260006/
277643,FC 26,Lamine Yamal,Lamine Yamal Nasraoui Ebana,"Lamine Yamal (born 13 July 2007) is a Spanish footballer who plays as a right midfield for Spanish club FC Barcelona, and the Spain national team. In the game FC 26, his overall rating is 89.",https://cdn.sofifa.net/players/277/643/26_360.png,180,72,2007-07-13,"RM, RW",89,95,147000000,100000,Left,3,5,5,Lean (170-185),Yes,330800000,"#Dribbler, #Crosser, #Acrobat",241,FC Barcelona,53,La Liga,https://cdn.sofifa.net/meta/team/83/30.png,5,RM,10,"Jul 1, 2022",2031,1362,Spain,78,Friendly International,https://cdn.sofifa.net/flags/undefined.png,5,RM,19,89,83,33,88,65,92,87,65,84,90,88,83,93,88,81,83,58,73,45,82,45,18,88,88,69,84,23,20,28,9,13,7,10,7,"Technical, Finesse Shot, Gamechanger, Incisive Pass, Inventive, First Touch, Quick Step",https://sofifa.com/player/277643/lamine-yamal-nasraoui-ebana/260006/
256630,FC 26,F. Wirtz,Florian Wirtz,"Florian Wirtz (Florian Richard Wirtz, born 3 May 2003) is a German footballer who plays as a central attacking midfielder for British club Liverpool, and the Germany national team. In the game FC 26, his overall rating is 89.",https://cdn.sofifa.net/players/256/630/26_360.png,177,71,2003-05-03,"CAM, ST, CM",89,93,150500000,190000,Right,4,4,5,Normal (170-185),Yes,289700000,"#Dribbler, #Playmaker, #Crosser, #Acrobat, #Complete midfielder",9,Liverpool,13,Premier League,https://cdn.sofifa.net/meta/team/8/30.png,5,SUB,7,"Jun 20, 2025",2030,1337,Germany,78,Friendly International,https://cdn.sofifa.net/flags/undefined.png,5,RAM,17,87,84,43,89,81,89,83,74,87,89,82,79,88,88,87,78,65,87,59,84,63,55,85,91,66,86,64,49,44,14,14,13,6,10,"Incisive Pass, Finesse Shot, Chip Shot, Low Driven Shot, Inventive, Technical, First Touch",https://sofifa.com/player/256630/florian-wirtz/260006/
255253,FC 26,Vitinha,Vítor Machado Ferreira,"Vitinha (born 13 February 2000) is a Portuguese footballer who plays as a center midfield for French club Paris Saint-Germain, and the Portugal national team. In the game FC 26, his overall rating is 89.",https://cdn.sofifa.net/players/255/253/26_360.png,172,64,2000-02-13,"CM, CDM, CAM",89,91,128500000,170000,Right,3,4,4,Lean (170-185),Yes,247400000,"#Dribbler, #Playmaker, #Acrobat, #Complete midfielder",73,Paris Saint-Germain,16,Ligue 1,https://cdn.sofifa.net/meta/team/591/30.png,5,CM,17,"Jun 30, 2022",2029,1354,Portugal,78,Friendly International,https://cdn.sofifa.net/flags/undefined.png,5,CDM,23,78,80,52,90,62,91,81,69,89,88,75,69,91,88,89,77,66,87,59,84,77,85,81,90,88,88,74,79,69,12,13,8,5,5,"Technical, Finesse Shot, Incisive Pass, Long Ball Pass, Tiki Taka, Intercept, Relentless",https://sofifa.com/player/255253/vitor-machado-ferreira/260006/
251854,FC 26,Pedri,Pedro González López,"Pedri (born 25 November 2002) is a Spanish footballer who plays as a center midfield for Spanish club FC Barcelona, and the Spain national team. In the game FC 26, his overall rating is 89.",https://cdn.sofifa.net/players/251/854/26_360.png,174,60,2002-11-25,"CM, CDM, CAM",89,93,149500000,170000,Right,4,4,4,Lean (170-185),Yes,317700000,"#Dribbler, #Playmaker, #Tactician, #Acrobat, #Complete midfielder",241,FC Barcelona,53,La Liga,https://cdn.sofifa.net/meta/team/83/30.png,5,LDM,8,"Aug 4, 2020",2030,1362,Spain,78,Friendly International,https://cdn.sofifa.net/flags/undefined.png,5,RCM,20,76,77,50,90,56,91,79,62,88,91,79,76,89,87,92,68,72,90,73,76,72,87,86,91,53,90,74,85,79,12,7,11,8,8,"First Touch, Incisive Pass, Long Ball Pass, Tiki Taka, Technical, Relentless",https://sofifa.com/player/251854/pedro-gonzalez-lopez/260006/
239053,FC 26,F. Valverde,Federico Valverde,"Federico Valverde (Federico Santiago Valverde Dipetta, born 22 July 1998) is a Uruguayan footballer who plays as a center midfield for Spanish club Real Madrid. In the game FC 26, his overall rating is 89.",https://cdn.sofifa.net/players/239/053/26_360.png,182,78,1998-07-22,"CM, CDM, RB",89,90,120500000,340000,Right,4,3,4,Unique,Yes,256100000.00000003,"#Playmaker, #Distance shooter, #Tackling, #Tactician, #Complete midfielder",243,Real Madrid,53,La Liga,https://cdn.sofifa.net/meta/team/3468/30.png,5,RDM,8,"Jul 22, 2016",2029,,,,,,,,,78,80,63,88,78,84,76,69,88,88,84,92,77,89,68,91,82,93,82,91,81,86,86,86,59,84,82,87,86,6,10,6,15,8,"Relentless, Power Shot, Long Ball Pass, Intercept, Slide Tackle, Aerial Fortress, Rapid, Injury Prone",https://sofifa.com/player/239053/federico-valverde/260006/
238794,FC 26,Vini Jr.,Vinícius José de Oliveira Júnior,"Vini Jr. (Vinicius José Paixão de Oliveira Junior, born 12 July 2000) is a Brazilian footballer who plays as a left winger for Spanish club Real Madrid. In the game FC 26, his overall rating is 89.",https://cdn.sofifa.net/players/238/794/26_360.png,176,73,2000-07-12,"LW, ST, LM",89,92,141000000,320000,Right,4,5,5,Lean (170-185),Yes,299600000,"#Speedster, #Dribbler, #Acrobat, #Clinical finisher, #Complete forward",243,Real Madrid,53,La Liga,https://cdn.sofifa.net/meta/team/3468/30.png,5,LM,7,"Jul 12, 2018",2027,,,,,,,,,81,88,50,83,73,93,79,62,77,90,95,95,94,85,84,81,74,84,65,83,58,26,86,85,74,83,32,25,18,5,7,7,7,10,"Quick Step, Finesse Shot, Chip Shot, Gamechanger, Inventive, Rapid, First Touch",https://sofifa.com/player/238794/vinicius-jose-de-oliveira-junior/260006/
235212,FC 26,A. Hakimi,Achraf Hakimi,"Achraf Hakimi (Achraf Hakimi Mouh, born 4 November 1998) is a Moroccan footballer who plays as a right back for French club Paris Saint-Germain, and the Morocco national team. In the game FC 26, his overall rating is 89.",https://cdn.sofifa.net/players/235/212/26_360.png,181,73,1998-11-04,"RB, RM",89,90,111000000,170000,Right,4,4,4,Lean (170-185),Yes,213700000,#Speedster,73,Paris Saint-Germain,16,Ligue 1,https://cdn.sofifa.net/meta/team/591/30.png,5,RB,2,"Jul 6, 2021",2029,111111,Morocco,78,Friendly International,https://cdn.sofifa.net/flags/undefined.png,5,RB,2,85,80,71,86,74,82,78,80,73,85,89,95,81,90,78,82,84,95,72,77,77,85,84,78,68,84,82,85,79,10,8,14,6,8,"Relentless, Low Driven Shot, Whipped Pass, Jockey, Anticipate, Press Proven, Quick Step, One Club Player",https://sofifa.com/player/235212/achraf-hakimi/260006/
233419,FC 26,Raphinha,Raphael Dias Belloli,"Raphinha (born 14 December 1996) is a Brazilian footballer who plays as a left midfield for Spanish club FC Barcelona. In the game FC 26, his overall rating is 89.",https://cdn.sofifa.net/players/233/419/26_360.png,176,68,1996-12-14,"LM, LW",89,89,104000000,200000,Left,4,4,4,Lean (170-185),Yes,213200000,"#Speedster, #Dribbler, #Crosser, #Acrobat, #Clinical finisher, #Complete forward",241,FC Barcelona,53,La Liga,https://cdn.sofifa.net/meta/team/83/30.png,5,LM,11,"Jul 13, 2022",2028,,,,,,,,,86,87,74,85,72,88,85,84,80,88,90,91,88,87,79,83,82,91,65,82,77,56,89,87,78,85,49,54,38,8,7,13,8,14,"Rapid, Finesse Shot, Power Shot, Trickster, Quick Step, Relentless",https://sofifa.com/player/233419/raphael-dias-belloli/260006/
230621,FC 26,G. Donnarumma,Gianluigi Donnarumma,"Gianluigi Donnarumma (born 25 February 1999) is an Italian footballer who plays as a goalkeeper for British club Manchester City, and the Italy national team. In the game FC 26, his overall rating is 89.",https://cdn.sofifa.net/players/230/621/26_360.png,196,90,1999-02-25,GK,89,91,97000000,150000,Right,3,1,4,Unique,Yes,186700000,,10,Manchester City,13,Premier League,https://cdn.sofifa.net/meta/team/9/30.png,5,GK,25,"Sep 2, 2025",2030,1343,Italy,78,Friendly International,https://cdn.sofifa.net/flags/undefined.png,5,GK,1,12,12,12,36,8,28,12,14,34,30,50,55,57,87,38,53,73,41,75,18,30,26,14,60,24,54,21,14,16,90,83,70,87,90,"Deflector, Footwork, One Club Player",https://sofifa.com/player/230621/gianluigi-donnarumma/260006/
212831,FC 26,Alisson,Alisson Ramses Becker,"Alisson (Alisson Ramsés Becker, born 2 October 1992) is a Brazilian footballer who plays as a goalkeeper for British club Liverpool. In the game FC 26, his overall rating is 89.",https://cdn.sofifa.net/players/212/831/26_360.png,193,91,1992-10-02,GK,89,89,51000000,140000,Right,3,1,5,Unique,Yes,94400000,,9,Liverpool,13,Premier League,https://cdn.sofifa.net/meta/team/8/30.png,5,GK,1,"Jul 19, 2018",2027,,,,,,,,,17,13,29,60,20,27,19,18,58,42,60,49,40,87,37,65,82,32,78,14,27,11,13,66,23,66,15,19,16,86,85,86,90,89,"Rush Out, Far Throw, Deflector",https://sofifa.com/player/212831/alisson-ramses-becker/260006/
212622,FC 26,J. Kimmich,Joshua Kimmich,"Joshua Kimmich (Joshua Walter Kimmich, born 8 February 1995) is a German footballer who plays as a central defensive midfielder for German club FC Bayern München, and the Germany national team. In the game FC 26, his overall rating is 89.",https://cdn.sofifa.net/players/212/622/26_360.png,177,75,1995-02-08,"CDM, RB, CM",89,89,86000000,140000,Right,4,3,4,Normal (170-185),Yes,141900000,"#Playmaker, #Crosser, #Tackling, #Complete midfielder",21,FC Bayern München,19,Bundesliga,https://cdn.sofifa.net/meta/team/503/30.png,5,RDM,6,"Jul 1, 2015",2029,1337,Germany,78,Friendly International,https://cdn.sofifa.net/flags/undefined.png,5,RCM,6,92,68,72,89,69,82,85,79,92,86,75,70,83,89,84,78,77,92,69,83,89,85,78,86,71,86,82,86,85,8,15,7,15,15,"Long Ball Pass, Finesse Shot, Whipped Pass, Anticipate, Press Proven, Relentless",https://sofifa.com/player/212622/joshua-kimmich/260006/
202126,FC 26,H. Kane,Harry Kane,"Harry Kane (Harry Edward Kane, born 28 July 1993) is a British footballer who plays as a striker for German club FC Bayern München, and the England national team. In the game FC 26, his overall rating is 89.",https://cdn.sofifa.net/players/202/126/26_360.png,188,86,1993-07-28,ST,89,89,87000000,155000,Right,4,3,5,Unique,Yes,143600000,"#Aerial threat, #Distance shooter, #Strength, #Clinical finisher, #Complete forward",21,FC Bayern München,19,Bundesliga,https://cdn.sofifa.net/meta/team/503/30.png,5,ST,9,"Aug 12, 2023",2027,1318,England,78,Friendly International,https://cdn.sofifa.net/flags/undefined.png,5,ST,9,80,93,90,86,89,80,82,69,79,87,62,66,67,94,72,91,87,76,86,89,80,42,94,86,93,92,46,44,38,8,10,11,14,11,"Finesse Shot, Precision Header, Low Driven Shot, Gamechanger, Long Ball Pass, First Touch",https://sofifa.com/player/202126/harry-kane/260006/
192119,FC 26,T. Courtois,Thibaut Courtois,"Thibaut Courtois (Thibaut Nicolas Marc Courtois, born 11 May 1992) is a Belgian footballer who plays as a goalkeeper for Spanish club Real Madrid. In the game FC 26, his overall rating is 89.",https://cdn.sofifa.net/players/192/119/26_360.png,200,96,1992-05-11,GK,89,89,33500000,220000,Left,3,1,5,Unique,Yes,68700000,,243,Real Madrid,53,La Liga,https://cdn.sofifa.net/meta/team/3468/30.png,5,GK,1,"Aug 9, 2018",2026,,,,,,,,,14,14,13,33,12,13,19,20,35,23,42,52,63,88,45,57,68,38,70,17,23,15,13,44,27,66,20,18,16,85,89,76,88,90,"Cross Claimer, Far Throw, Rush Out",https://sofifa.com/player/192119/thibaut-courtois/260006/
256790,FC 26,J. Musiala,Jamal Musiala,"Jamal Musiala (born 26 February 2003) is a German footballer who plays as a central attacking midfielder for German club FC Bayern München. In the game FC 26, his overall rating is 88.",https://cdn.sofifa.net/players/256/790/26_360.png,184,72,2003-02-26,"CAM, LM, CM, ST",88,92,133500000,110000,Right,4,5,4,Lean (170-185),Yes,230300000,"#Dribbler, #Acrobat, #Clinical finisher, #Complete forward",21,FC Bayern München,19,Bundesliga,https://cdn.sofifa.net/meta/team/503/30.png,5,SUB,10,"Jun 3, 2020",2030,,,,,,,,,70,86,75,87,75,94,75,59,79,85,85,75,94,89,93,80,80,73,61,82,59,65,88,84,61,83,64,66,61,6,9,8,8,11,"Technical, Precision Header, Low Driven Shot, Gamechanger, Incisive Pass, Inventive, Trickster",https://sofifa.com/player/256790/jamal-musiala/260006/
246669,FC 26,B. Saka,Bukayo Saka,"Bukayo Saka (born 5 September 2001) is a British footballer who plays as a right winger for British club Arsenal, and the England national team. In the game FC 26, his overall rating is 88.",https://cdn.sofifa.net/players/246/669/26_360.png,178,65,2001-09-05,"RW, RM",88,90,118500000,230000,Left,4,3,4,Lean (170-185),Yes,228100000,"#Dribbler, #Crosser",1,Arsenal,13,Premier League,https://cdn.sofifa.net/meta/team/19/30.png,5,RW,7,"Sep 14, 2018",2027,1318,England,78,Friendly International,https://cdn.sofifa.net/flags/undefined.png,5,RES,25,90,84,49,85,79,89,88,74,77,88,87,81,85,88,88,79,72,86,68,81,68,62,86,86,87,82,60,62,60,7,8,13,9,13,"Whipped Pass, Finesse Shot, Technical",https://sofifa.com/player/246669/bukayo-saka/260006/
233731,FC 26,A. Isak,Alexander Isak,"Alexander Isak (born 21 September 1999) is a Swedish footballer who plays as a striker for British club Liverpool, and the Sweden national team. In the game FC 26, his overall rating is 88.",https://cdn.sofifa.net/players/233/731/26_360.png,192,77,1999-09-21,ST,88,89,111000000,200000,Right,4,4,4,Lean (185+),Yes,213700000,"#Distance shooter, #Clinical finisher",9,Liverpool,13,Premier League,https://cdn.sofifa.net/meta/team/8/30.png,5,SUB,9,"Sep 1, 2025",2031,1363,Sweden,78,Friendly International,https://cdn.sofifa.net/flags/undefined.png,5,RS,9,68,91,82,79,81,88,75,64,60,87,86,80,73,87,69,91,90,82,79,83,58,38,89,80,86,88,35,34,29,7,6,9,7,11,"Finesse Shot, Power Shot, Low Driven Shot, Gamechanger, Rapid, First Touch",https://sofifa.com/player/233731/alexander-isak/260006/
232580,FC 26,Gabriel,Gabriel dos S. Magalhães,"Gabriel (Gabriel dos Santos Magalhães, born 19 December 1997) is a Brazilian footballer who plays as a center back for British club Arsenal. In the game FC 26, his overall rating is 88.",https://cdn.sofifa.net/players/232/580/26_360.png,190,87,1997-12-19,CB,88,88,84000000,230000,Left,2,2,4,Normal (185+),Yes,155400000,"#Aerial threat, #Tackling, #Tactician, #Strength, #Complete defender",1,Arsenal,13,Premier League,https://cdn.sofifa.net/meta/team/19/30.png,5,LCB,6,"Sep 1, 2020",2029,,,,,,,,,42,37,90,79,33,64,57,31,76,71,61,67,51,88,37,62,88,71,89,39,86,87,52,63,51,79,89,88,87,12,8,13,10,7,"Bruiser, Precision Header",https://sofifa.com/player/232580/gabriel-dos-s-magalhaes/260006/
231478,FC 26,L. Martínez,Lautaro Martínez,"Lautaro Martínez (Lautaro Javier Martínez, born 22 August 1997) is an Argentine footballer who plays as a striker for Italian club Inter, and the Argentina national team. In the game FC 26, his overall rating is 88.",https://cdn.sofifa.net/players/231/478/26_360.png,174,72,1997-08-22,ST,88,88,99000000,79000,Right,4,4,5,Unique,Yes,163400000,"#Acrobat, #Clinical finisher",44,Inter,31,Serie A,https://cdn.sofifa.net/meta/team/2930/30.png,5,LS,10,"Jul 4, 2018",2029,1369,Argentina,78,Friendly International,https://cdn.sofifa.net/flags/undefined.png,5,SUB,22,68,93,86,78,92,81,84,65,72,84,83,80,88,92,87,87,91,86,80,80,87,48,93,79,74,88,45,50,45,11,8,8,8,13,"Gamechanger, Power Shot, Precision Header, Incisive Pass, Technical, Relentless, Enforcer",https://sofifa.com/player/231478/lautaro-martinez/260006/
200389,FC 26,J. Oblak,Jan Oblak,"Jan Oblak (born 7 January 1993) is a Slovenian footballer who plays as a goalkeeper for Spanish club Atlético Madrid. In the game FC 26, his overall rating is 88.",https://cdn.sofifa.net/players/200/389/26_360.png,188,87,1993-01-07,GK,88,88,45000000,87000,Right,3,1,4,Unique,Yes,94500000,,240,Atlético Madrid,53,La Liga,https://cdn.sofifa.net/meta/team/7980/30.png,5,GK,13,"Jul 16, 2014",2028,,,,,,,,,13,11,15,43,13,12,13,14,40,30,42,53,64,85,48,59,72,42,78,12,36,24,11,67,11,68,27,14,18,85,90,78,86,87,"Cross Claimer, Far Throw, Far Reach",https://sofifa.com/player/200389/jan-oblak/260006/
188545,FC 26,R. Lewandowski,Robert Lewandowski,"Robert Lewandowski (born 21 August 1988) is a Polish footballer who plays as a striker for Spanish club FC Barcelona, and the Poland national team. In the game FC 26, his overall rating is 88.",https://cdn.sofifa.net/players/188/545/26_360.png,185,81,1988-08-21,ST,88,88,31000000,155000,Right,4,4,5,Unique,Yes,63600000,#Clinical finisher,241,FC Barcelona,53,La Liga,https://cdn.sofifa.net/meta/team/83/30.png,5,ST,9,"Jul 18, 2022",2026,1353,Poland,78,Friendly International,https://cdn.sofifa.net/flags/undefined.png,5,RS,9,76,92,87,84,86,84,79,84,70,88,73,74,77,89,83,89,91,76,89,82,81,49,90,81,90,87,35,42,19,15,6,12,8,10,"Chip Shot, Finesse Shot, Power Shot, Precision Header, Low Driven Shot, Incisive Pass, First Touch, One Club Player",https://sofifa.com/player/188545/robert-lewandowski/260006/
257534,FC 26,C. Palmer,Cole Palmer,"Cole Palmer (Cole Jermaine Palmer, born 6 May 2002) is a British footballer who plays as a central attacking midfielder for British club Chelsea, and the England national team. In the game FC 26, his overall rating is 87.",https://cdn.sofifa.net/players/257/534/26_360.png,185,76,2002-05-06,"CAM, RM, ST",87,90,109000000,185000,Left,3,4,4,Lean (185+),Yes,215300000,"#Dribbler, #Playmaker, #Complete midfielder",5,Chelsea,13,Premier League,https://cdn.sofifa.net/meta/team/18/30.png,5,CAM,10,"Sep 1, 2023",2033,1318,England,78,Friendly International,https://cdn.sofifa.net/flags/undefined.png,5,RES,24,85,82,60,87,70,87,86,81,86,89,76,75,80,88,78,85,71,83,60,85,55,50,87,89,90,89,50,50,40,7,6,10,14,14,"Inventive, Finesse Shot, Low Driven Shot, Gamechanger, Incisive Pass, Technical, First Touch, One Club Player",https://sofifa.com/player/257534/cole-palmer/260006/
256079,FC 26,M. Caicedo,Moisés Caicedo,"Moisés Caicedo (Moisés Isaac Caicedo Corozo, born 2 November 2001) is an Ecuadorian footballer who plays as a central defensive midfielder for British club Chelsea. In the game FC 26, his overall rating is 87.",https://cdn.sofifa.net/players/256/079/26_360.png,178,73,2001-11-02,"CDM, CM",87,89,93000000,170000,Right,3,3,4,Normal (170-185),Yes,183700000,"#Tackling, #Tactician",5,Chelsea,13,Premier League,https://cdn.sofifa.net/meta/team/18/30.png,5,RDM,25,"Aug 14, 2023",2031,,,,,,,,,65,57,70,85,60,79,73,55,84,83,76,66,80,84,79,75,80,90,77,72,85,87,63,79,55,83,83,86,87,15,6,13,9,13,"Slide Tackle, Pinged Pass, Tiki Taka, Intercept, Anticipate, Press Proven, Relentless, One Club Player, Injury Prone",https://sofifa.com/player/256079/moises-caicedo/260006/
252145,FC 26,Nuno Mendes,Nuno Alexandre Tavares Mendes,"Nuno Mendes (born 19 June 2002) is a Portuguese footballer who plays as a left back for French club Paris Saint-Germain, and the Portugal national team. In the game FC 26, his overall rating is 87.",https://cdn.sofifa.net/players/252/145/26_360.png,180,70,2002-06-19,"LB, LM",87,90,100500000,120000,Left,4,3,4,Normal (170-185),Yes,193500000,"#Speedster, #Acrobat",73,Paris Saint-Germain,16,Ligue 1,https://cdn.sofifa.net/meta/team/591/30.png,5,LB,25,"Aug 31, 2021",2029,1354,Portugal,78,Friendly International,https://cdn.sofifa.net/flags/undefined.png,5,LB,25,81,74,73,80,56,83,78,72,72,84,94,95,87,83,84,85,87,85,73,73,75,81,78,72,77,83,79,87,82,7,8,8,12,15,"Quick Step, Pinged Pass, Whipped Pass, Jockey, Anticipate, Rapid",https://sofifa.com/player/252145/nuno-alexandre-tavares-mendes/260006/
247635,FC 26,K. Kvaratskhelia,Khvicha Kvaratskhelia,"Khvicha Kvaratskhelia (born 12 February 2001) is a footballer from Georgia (country)‎ who plays as a left winger for French club Paris Saint-Germain. In the game FC 26, his overall rating is 87.",https://cdn.sofifa.net/players/247/635/26_360.png,183,70,2001-02-12,"LW, RW, LM",87,90,109000000,140000,Right,5,5,3,Normal (170-185),Yes,209800000,"#Dribbler, #Acrobat",73,Paris Saint-Germain,16,Ligue 1,https://cdn.sofifa.net/meta/team/591/30.png,5,LW,7,"Jan 17, 2025",2029,,,,,,,,,79,81,62,87,64,89,86,74,78,88,85,86,86,84,84,78,87,83,76,86,73,58,87,85,70,84,53,62,52,9,15,8,14,8,"Inventive, Finesse Shot, Gamechanger, Incisive Pass, Technical, Trickster",https://sofifa.com/player/247635/khvicha-kvaratskhelia/260006/
246191,FC 26,J. Alvarez,Julián Alvarez,"Julián Alvarez (Julián Álvarez, born 31 January 2000) is an Argentine footballer who plays as a striker for Spanish club Atlético Madrid, and the Argentina national team. In the game FC 26, his overall rating is 87.",https://cdn.sofifa.net/players/246/191/26_360.png,170,71,2000-01-31,ST,87,90,107000000,125000,Right,4,4,4,Normal (170-),Yes,232700000,"#Dribbler, #Distance shooter, #FK Specialist, #Acrobat, #Clinical finisher, #Complete forward",240,Atlético Madrid,53,La Liga,https://cdn.sofifa.net/meta/team/7980/30.png,5,LS,19,"Aug 12, 2024",2030,1369,Argentina,78,Friendly International,https://cdn.sofifa.net/flags/undefined.png,5,ST,9,77,88,78,83,84,87,87,88,78,88,86,85,87,88,87,88,86,85,72,86,86,52,88,83,78,86,60,55,46,6,10,8,15,6,"Press Proven, Finesse Shot, Dead Ball",https://sofifa.com/player/246191/julian-alvarez/260006/
243715,FC 26,W. Saliba,William Saliba,"William Saliba (William Alain André Gabriel Saliba, born 24 March 2001) is a French footballer who plays as a center back for British club Arsenal, and the France national team. In the game FC 26, his overall rating is 87.",https://cdn.sofifa.net/players/243/715/26_360.png,193,85,2001-03-24,CB,87,89,92000000,180000,Right,3,2,4,Normal (185+),Yes,177100000,"#Tackling, #Tactician, #Strength, #Complete defender",1,Arsenal,13,Premier League,https://cdn.sofifa.net/meta/team/19/30.png,5,RCB,2,"Jul 25, 2019",2030,1335,France,78,Friendly International,https://cdn.sofifa.net/flags/undefined.png,5,LCB,17,58,35,80,80,34,74,55,35,77,77,76,78,53,86,46,60,89,72,88,23,83,86,54,62,47,82,88,90,86,7,10,6,8,11,"Anticipate, Long Ball Pass, Jockey",https://sofifa.com/player/243715/william-saliba/260006/
241651,FC 26,V. Gyökeres,Viktor Gyökeres,"Viktor Gyökeres (Viktor Einar Gyökeres, born 4 June 1998) is a Swedish footballer who plays as a striker for British club Arsenal, and the Sweden national team. In the game FC 26, his overall rating is 87.",https://cdn.sofifa.net/players/241/651/26_360.png,189,94,1998-06-04,ST,87,88,93000000,240000,Right,4,3,4,Stocky (185+),Yes,179000000,"#Speedster, #Strength, #Clinical finisher, #Complete forward",1,Arsenal,13,Premier League,https://cdn.sofifa.net/meta/team/19/30.png,5,ST,14,"Jul 26, 2025",2030,1363,Sweden,78,Friendly International,https://cdn.sofifa.net/flags/undefined.png,5,LS,17,72,88,81,78,77,80,72,71,58,83,88,92,82,87,72,88,95,93,91,80,87,28,88,79,88,85,34,34,16,10,13,11,14,8,"Enforcer, Finesse Shot, Power Shot, Acrobatic, Low Driven Shot, Press Proven, Quick Step, One Club Player",https://sofifa.com/player/241651/viktor-gyokeres/260006/
241486,FC 26,J. Koundé,Jules Koundé,"Jules Koundé (Jules Olivier Koundé, born 12 November 1998) is a French footballer who plays as a right back for Spanish club FC Barcelona, and the France national team. In the game FC 26, his overall rating is 87.",https://cdn.sofifa.net/players/241/486/26_360.png,180,75,1998-11-12,"RB, CB, RM",87,89,90500000,155000,Right,3,3,4,Normal (170-185),Yes,192300000,#Tactician,241,FC Barcelona,53,La Liga,https://cdn.sofifa.net/meta/team/83/30.png,5,RB,23,"Jul 28, 2022",2030,1335,France,78,Friendly International,https://cdn.sofifa.net/flags/undefined.png,5,RB,5,78,47,80,82,32,78,64,26,75,81,85,83,70,86,78,48,91,87,85,45,78,86,69,70,43,82,87,86,84,11,10,8,14,13,"Jockey, Long Ball Pass, Slide Tackle, Aerial Fortress, Quick Step, Relentless",https://sofifa.com/player/241486/jules-kounde/260006/
239837,FC 26,A. Mac Allister,Alexis Mac Allister,"Alexis Mac Allister (born 24 December 1998) is an Argentine footballer who plays as a center midfield for British club Liverpool, and the Argentina national team. In the game FC 26, his overall rating is 87.",https://cdn.sofifa.net/players/239/837/26_360.png,176,72,1998-12-24,"CM, CDM",87,88,93000000,180000,Right,3,3,4,Normal (170-185),Yes,179000000,#Playmaker,9,Liverpool,13,Premier League,https://cdn.sofifa.net/meta/team/8/30.png,5,LDM,10,"Jun 14, 2023",2028,1369,Argentina,78,Friendly International,https://cdn.sofifa.net/flags/undefined.png,5,LCM,20,79,79,65,88,77,84,83,82,87,86,68,64,82,89,86,88,72,87,69,85,83,80,78,86,86,86,78,83,74,7,10,14,15,10,"Pinged Pass, Power Shot, Dead Ball, Gamechanger, Block, Press Proven, One Club Player",https://sofifa.com/player/239837/alexis-mac-allister/260006/
237383,FC 26,A. Bastoni,Alessandro Bastoni,"Alessandro Bastoni (born 13 April 1999) is an Italian footballer who plays as a center back for Italian club Inter, and the Italy national team. In the game FC 26, his overall rating is 87.",https://cdn.sofifa.net/players/237/383/26_360.png,190,75,1999-04-13,CB,87,89,87000000,63000,Left,2,2,4,Unique,Yes,150100000,#Tactician,44,Inter,31,Serie A,https://cdn.sofifa.net/meta/team/2930/30.png,5,LCB,95,"Aug 30, 2017",2028,1343,Italy,78,Friendly International,https://cdn.sofifa.net/flags/undefined.png,5,RCB,21,72,39,86,82,44,74,64,41,84,82,71,77,64,89,60,59,88,81,81,48,83,88,39,72,50,85,87,90,84,11,5,9,11,12,"Pinged Pass, Long Ball Pass, Whipped Pass, Block, Relentless, Injury Prone",https://sofifa.com/player/237383/alessandro-bastoni/260006/
234378,FC 26,D. Rice,Declan Rice,"Declan Rice (born 14 January 1999) is a British footballer who plays as a central defensive midfielder for British club Arsenal, and the England national team. In the game FC 26, his overall rating is 87.",https://cdn.sofifa.net/players/234/378/26_360.png,185,80,1999-01-14,"CDM, CM",87,88,83500000,210000,Right,3,3,4,Normal (185+),Yes,160700000,"#Crosser, #Tackling, #Tactician",1,Arsenal,13,Premier League,https://cdn.sofifa.net/meta/team/19/30.png,5,LCM,41,"Jul 15, 2023",2028,1318,England,78,Friendly International,https://cdn.sofifa.net/flags/undefined.png,5,LDM,4,88,64,72,86,50,82,86,75,86,84,71,73,63,85,65,87,80,92,78,83,85,86,77,79,71,86,81,86,85,8,11,14,5,9,"Dead Ball, Whipped Pass, Block, Intercept, Aerial Fortress, Press Proven, Relentless, One Club Player",https://sofifa.com/player/234378/declan-rice/260006/
232293,FC 26,V. Osimhen,Victor Osimhen,"Victor Osimhen (Victor James Osimhen, born 29 December 1998) is a Nigerian footballer who plays as a striker for Turkish club Galatasaray SK. In the game FC 26, his overall rating is 87.",https://cdn.sofifa.net/players/232/293/26_360.png,186,77,1998-12-29,ST,87,89,100000000,110000,Right,4,3,4,Normal (185+),Yes,197500000,"#Speedster, #Strength",325,Galatasaray SK,68,Süper Lig,https://cdn.sofifa.net/meta/team/34/30.png,5,ST,45,"Jul 31, 2025",2029,,,,,,,,,62,88,89,72,85,80,63,52,54,84,91,92,79,88,68,86,95,81,91,73,68,34,91,70,85,80,36,45,22,14,14,10,9,6,"Chip Shot, Precision Header, Acrobatic, Gamechanger, Rapid",https://sofifa.com/player/232293/victor-osimhen/260006/
228702,FC 26,F. de Jong,Frenkie de Jong,"Frenkie de Jong (born 12 May 1997) is a Dutch footballer who plays as a center midfield for Spanish club FC Barcelona, and the Netherlands national team. In the game FC 26, his overall rating is 87.",https://cdn.sofifa.net/players/228/702/26_360.png,181,74,1997-05-12,"CM, CDM",87,87,79500000,170000,Right,3,4,4,Unique,Yes,163000000,"#Dribbler, #Playmaker, #Acrobat, #Complete midfielder",241,FC Barcelona,53,La Liga,https://cdn.sofifa.net/meta/team/83/30.png,5,RDM,21,"Jul 1, 2019",2026,105035,Netherlands,78,Friendly International,https://cdn.sofifa.net/flags/undefined.png,5,LDM,21,78,75,72,90,70,86,84,64,87,88,80,83,87,87,79,68,82,87,73,69,74,82,78,88,53,90,76,78,77,7,13,10,10,9,"Tiki Taka, Incisive Pass, Inventive, Press Proven",https://sofifa.com/player/228702/frenkie-de-jong/260006/
224232,FC 26,N. Barella,Nicolò Barella,"Nicolò Barella (born 7 February 1997) is an Italian footballer who plays as a center midfield for Italian club Inter, and the Italy national team. In the game FC 26, his overall rating is 87.",https://cdn.sofifa.net/players/224/232/26_360.png,175,68,1997-02-07,CM,87,87,79500000,69000,Right,4,3,4,Normal (170-),Yes,131199999.99999999,#Acrobat,44,Inter,31,Serie A,https://cdn.sofifa.net/meta/team/2930/30.png,5,RCM,23,"Sep 1, 2020",2029,1343,Italy,78,Friendly International,https://cdn.sofifa.net/flags/undefined.png,5,RCM,18,79,77,60,89,80,84,79,67,87,87,82,78,91,91,88,80,75,89,66,79,87,85,84,85,73,88,80,85,80,11,5,13,14,11,"Relentless, Incisive Pass, Pinged Pass, Long Ball Pass, Jockey, Intercept, Press Proven",https://sofifa.com/player/224232/nicolo-barella/260006/
222665,FC 26,M. Ødegaard,Martin Ødegaard,"Martin Ødegaard (born 17 December 1998) is a Norwegian footballer who plays as a center midfield for British club Arsenal, and the Norway national team. In the game FC 26, his overall rating is 87.",https://cdn.sofifa.net/players/222/665/26_360.png,178,68,1998-12-17,"CM, CAM",87,89,98000000,220000,Left,2,5,4,Lean (170-185),Yes,188700000,"#Dribbler, #Playmaker, #Crosser, #Complete midfielder",1,Arsenal,13,Premier League,https://cdn.sofifa.net/meta/team/19/30.png,5,RCM,8,"Aug 20, 2021",2028,1352,Norway,78,Friendly International,https://cdn.sofifa.net/flags/undefined.png,5,RCM,10,86,79,55,90,79,87,84,82,88,88,68,68,85,88,83,82,63,88,55,80,64,69,78,90,68,87,68,72,57,14,15,15,8,10,"Incisive Pass, Pinged Pass, Inventive, Technical, First Touch",https://sofifa.com/player/222665/martin-odegaard/260006/
220901,FC 26,David Raya,David Raya Martin,"David Raya (David Raya Martín, born 15 September 1995) is a Spanish footballer who plays as a goalkeeper for British club Arsenal, and the Spain national team. In the game FC 26, his overall rating is 87.",https://cdn.sofifa.net/players/220/901/26_360.png,183,75,1995-09-15,GK,87,87,54500000,145000,Right,3,1,4,Normal (170-185),Yes,100800000,,1,Arsenal,13,Premier League,https://cdn.sofifa.net/meta/team/19/30.png,5,GK,1,"Jul 4, 2024",2028,1362,Spain,78,Friendly International,https://cdn.sofifa.net/flags/undefined.png,5,SUB,1,12,19,20,62,20,19,18,15,67,43,64,59,68,84,45,65,64,31,38,14,29,11,15,68,26,68,28,14,13,86,84,87,85,87,"Cross Claimer, Footwork, One Club Player",https://sofifa.com/player/220901/david-raya-martin/260006/
215698,FC 26,M. Maignan,Mike Maignan,"Mike Maignan (Mike Peterson Maignan, born 3 July 1995) is a French footballer who plays as a goalkeeper for Italian club AC Milan, and the France national team. In the game FC 26, his overall rating is 87.",https://cdn.sofifa.net/players/215/698/26_360.png,191,89,1995-07-03,GK,87,88,61000000,61000,Right,4,1,4,Normal (185+),Yes,108300000,,47,AC Milan,31,Serie A,https://cdn.sofifa.net/meta/team/113/30.png,5,GK,16,"Jul 1, 2021",2026,1335,France,78,Friendly International,https://cdn.sofifa.net/flags/undefined.png,5,GK,16,18,15,17,64,16,30,38,16,61,40,65,62,60,85,56,64,82,39,83,20,35,25,15,65,15,68,23,18,20,84,83,85,84,88,"Far Throw, Long Ball Pass, Footwork, Deflector",https://sofifa.com/player/215698/mike-maignan/260006/
215441,FC 26,S. Guirassy,Serhou Guirassy,"Serhou Guirassy (Serhou Yadaly Guirassy, born 12 March 1996) is a Guinean footballer who plays as a striker for German club Borussia Dortmund. In the game FC 26, his overall rating is 87.",https://cdn.sofifa.net/players/215/441/26_360.png,187,82,1996-03-12,ST,87,87,79500000,105000,Right,4,3,4,Normal (185+),Yes,135200000,#Clinical finisher,22,Borussia Dortmund,19,Bundesliga,https://cdn.sofifa.net/meta/team/68/30.png,5,ST,9,"Jul 18, 2024",2028,,,,,,,,,65,90,88,83,87,83,76,67,72,86,74,71,76,86,77,91,90,84,85,82,76,33,90,79,83,88,42,44,36,11,8,12,12,8,"Finesse Shot, Chip Shot, Precision Header, Acrobatic, Low Driven Shot, First Touch",https://sofifa.com/player/215441/serhou-guirassy/260006/
213331,FC 26,J. Tah,Jonathan Tah,"Jonathan Tah (Jonathan Glao Tah, born 11 February 1996) is a German footballer who plays as a center back for German club FC Bayern München, and the Germany national team. In the game FC 26, his overall rating is 87.",https://cdn.sofifa.net/players/213/331/26_360.png,195,94,1996-02-11,CB,87,87,66500000,115000,Right,3,2,4,Stocky (185+),Yes,109700000,"#Aerial threat, #Strength",21,FC Bayern München,19,Bundesliga,https://cdn.sofifa.net/meta/team/503/30.png,5,LCB,4,"Jun 9, 2025",2029,1337,Germany,78,Friendly International,https://cdn.sofifa.net/flags/undefined.png,5,SUB,4,39,32,87,78,53,60,37,27,68,70,53,71,49,85,40,60,85,76,91,26,86,84,36,57,38,79,88,89,84,11,8,7,9,14,"Anticipate, Precision Header, Aerial Fortress, One Club Player",https://sofifa.com/player/213331/jonathan-tah/260006/
212198,FC 26,Bruno Fernandes,Bruno Miguel Borges Fernandes,"Bruno Fernandes (born 8 September 1994) is a Portuguese footballer who plays as a central attacking midfielder for British club Manchester United, and the Portugal national team. In the game FC 26, his overall rating is 87.",https://cdn.sofifa.net/players/212/198/26_360.png,179,69,1994-09-08,"CAM, CM",87,87,77000000,165000,Right,4,4,4,Unique,Yes,146300000,#Playmaker,11,Manchester United,13,Premier League,https://cdn.sofifa.net/meta/team/14/30.png,5,LCM,8,"Jan 30, 2020",2027,1354,Portugal,78,Friendly International,https://cdn.sofifa.net/flags/undefined.png,5,RCM,8,85,80,63,90,87,82,85,85,90,87,68,66,78,90,73,86,69,95,61,85,84,63,86,92,91,85,62,71,66,12,14,15,8,14,"Relentless, Dead Ball, Gamechanger, Incisive Pass, Long Ball Pass, Tiki Taka, Inventive",https://sofifa.com/player/212198/bruno-miguel-borges-fernandes/260006/
207865,FC 26,Marquinhos,Marcos Aoás Corrêa,"Marquinhos (born 14 May 1994) is a Brazilian footballer who plays as a center back for French club Paris Saint-Germain. In the game FC 26, his overall rating is 87.",https://cdn.sofifa.net/players/207/865/26_360.png,183,75,1994-05-14,CB,87,87,54500000,145000,Right,3,3,4,Normal (170-185),Yes,100800000,"#Tackling, #Tactician",73,Paris Saint-Germain,16,Ligue 1,https://cdn.sofifa.net/meta/team/591/30.png,5,RCB,5,"Jul 19, 2013",2028,,,,,,,,,68,59,88,84,35,69,58,32,85,79,75,80,68,86,67,65,89,79,79,45,81,89,70,76,52,86,90,89,88,6,6,12,10,13,"Intercept, Jockey, Anticipate, Aerial Fortress, Injury Prone",https://sofifa.com/player/207865/marcos-aoas-correa/260006/
192985,FC 26,K. De Bruyne,Kevin De Bruyne,"Kevin De Bruyne (born 28 June 1991) is a Belgian footballer who plays as a center midfield for Italian club Napoli. In the game FC 26, his overall rating is 87.",https://cdn.sofifa.net/players/192/985/26_360.png,181,75,1991-06-28,"CM, CAM",87,87,36500000,175000,Right,5,4,4,Unique,Yes,62100000,"#Playmaker, #Distance shooter, #Crosser, #Complete midfielder",48,Napoli,31,Serie A,https://cdn.sofifa.net/meta/team/597/30.png,5,LCM,11,"Jul 1, 2025",2027,,,,,,,,,93,78,55,92,81,85,93,83,93,89,65,66,68,89,66,90,70,66,74,87,73,65,81,92,83,87,65,70,55,15,13,5,10,13,"Whipped Pass, Dead Ball, Incisive Pass, Pinged Pass, Inventive",https://sofifa.com/player/192985/kevin-de-bruyne/260006/
177683,FC 26,Y. Sommer,Yann Sommer,"Yann Sommer (born 17 December 1988) is a Swiss footballer who plays as a goalkeeper for Italian club Inter. In the game FC 26, his overall rating is 87.",https://cdn.sofifa.net/players/177/683/26_360.png,183,77,1988-12-17,GK,87,87,9000000,26000,Right,4,1,4,Normal (170-185),Yes,14900000,,44,Inter,31,Serie A,https://cdn.sofifa.net/meta/team/2930/30.png,5,GK,1,"Aug 7, 2023",2026,,,,,,,,,13,13,10,46,8,22,12,13,38,30,48,54,57,83,58,64,68,45,68,12,38,21,15,64,24,54,9,20,14,83,82,85,87,89,Far Reach,https://sofifa.com/player/177683/yann-sommer/260006/
256516,FC 26,Nico Williams,Nicholas Williams Arthuer,"Nico Williams (born 12 July 2002) is a Spanish footballer who plays as a left midfield for Spanish club Athletic Club, and the Spain national team. In the game FC 26, his overall rating is 86.",https://cdn.sofifa.net/players/256/516/26_360.png,181,67,2002-07-12,"LM, RM, LW",86,89,94500000,70000,Right,5,4,3,Lean (170-185),Yes,205500000,"#Speedster, #Dribbler, #Acrobat",448,Athletic Club,53,La Liga,https://cdn.sofifa.net/meta/team/13258/30.png,5,LM,10,"Jul 1, 2020",2035,1362,Spain,78,Friendly International,https://cdn.sofifa.net/flags/undefined.png,5,LM,17,83,79,65,82,64,88,81,72,74,85,94,92,92,82,84,78,79,81,61,72,55,40,80,82,68,78,36,28,25,9,13,12,12,14,"Rapid, Finesse Shot, Gamechanger, Inventive, Quick Step, Relentless",https://sofifa.com/player/256516/nicholas-williams-arthuer/260006/
256196,FC 26,W. Pacho,Willian Pacho,"Willian Pacho (Willian Joel Pacho Tenorio, born 16 October 2001) is an Ecuadorian footballer who plays as a center back for French club Paris Saint-Germain. In the game FC 26, his overall rating is 86.",https://cdn.sofifa.net/players/256/196/26_360.png,188,81,2001-10-16,CB,86,89,83000000,110000,Left,3,2,3,Normal (185+),Yes,159800000,,73,Paris Saint-Germain,16,Ligue 1,https://cdn.sofifa.net/meta/team/591/30.png,5,LCB,51,"Aug 9, 2024",2029,,,,,,,,,46,30,82,77,26,52,47,38,69,69,74,84,63,85,60,46,90,78,89,29,86,83,36,58,39,81,88,88,81,9,12,12,13,10,"Bruiser, Jockey, Block, Anticipate, One Club Player",https://sofifa.com/player/256196/willian-pacho/260006/
247851,FC 26,Bruno Guimarães,Bruno Guimarães Moura,"Bruno Guimarães (Bruno Guimarães Rodrigues Moura, born 16 November 1997) is a Brazilian footballer who plays as a center midfield for British club Newcastle United. In the game FC 26, his overall rating is 86.",https://cdn.sofifa.net/players/247/851/26_360.png,182,74,1997-11-16,"CM, CDM",86,87,77500000,190000,Right,2,3,4,Lean (170-185),Yes,153100000,"#Dribbler, #Playmaker, #Complete midfielder",13,Newcastle United,13,Premier League,https://cdn.sofifa.net/meta/team/20/30.png,5,RCM,39,"Jan 31, 2022",2028,,,,,,,,,76,73,66,88,65,86,83,63,88,86,66,66,73,85,79,76,75,90,76,82,86,82,77,86,65,88,78,82,81,7,11,15,11,11,"Gamechanger, Incisive Pass, Long Ball Pass, Inventive, Press Proven, Relentless, One Club Player",https://sofifa.com/player/247851/bruno-guimaraes-moura/260006/
247827,FC 26,M. Olise,Michael Olise,"Michael Olise (Michael Akpovie Olise, born 12 December 2001) is a French footballer who plays as a right midfield for German club FC Bayern München, and the France national team. In the game FC 26, his overall rating is 86.",https://cdn.sofifa.net/players/247/827/26_360.png,184,73,2001-12-12,"RM, RW, CAM",86,88,88000000,95000,Left,2,4,3,Lean (170-185),Yes,151800000,"#Dribbler, #Playmaker, #Acrobat, #Complete midfielder",21,FC Bayern München,19,Bundesliga,https://cdn.sofifa.net/meta/team/503/30.png,5,RM,17,"Jul 7, 2024",2029,1335,France,78,Friendly International,https://cdn.sofifa.net/flags/undefined.png,5,CAM,11,79,83,36,86,71,88,82,81,79,86,83,73,90,86,85,78,62,85,57,80,66,55,84,88,72,84,44,58,49,9,11,9,10,10,"Finesse Shot, Whipped Pass, Inventive, Technical",https://sofifa.com/player/247827/michael-olise/260006/
241096,FC 26,S. Tonali,Sandro Tonali,"Sandro Tonali (born 8 May 2000) is an Italian footballer who plays as a central defensive midfielder for British club Newcastle United, and the Italy national team. In the game FC 26, his overall rating is 86.",https://cdn.sofifa.net/players/241/096/26_360.png,181,79,2000-05-08,"CDM, CM",86,88,76500000,175000,Right,4,3,3,Unique,Yes,151100000,,13,Newcastle United,13,Premier League,https://cdn.sofifa.net/meta/team/20/30.png,5,CDM,8,"Jul 3, 2023",2028,1343,Italy,78,Friendly International,https://cdn.sofifa.net/flags/undefined.png,5,LCM,8,78,69,70,86,68,78,75,81,83,85,78,79,76,84,77,85,83,83,82,77,84,84,76,79,64,84,81,84,81,13,9,8,7,7,"Slide Tackle, Relentless, Enforcer",https://sofifa.com/player/241096/sandro-tonali/260006/
240638,FC 26,T. Reijnders,Tijjani Reijnders,"Tijjani Reijnders (Tijjani Martinus Jan Reijnders Lekatompessy, born 29 July 1998) is a Dutch footballer who plays as a center midfield for British club Manchester City, and the Netherlands national team. In the game FC 26, his overall rating is 86.",https://cdn.sofifa.net/players/240/638/26_360.png,185,73,1998-07-29,"CM, CDM, CAM",86,87,79500000,190000,Right,4,4,4,Lean (185+),Yes,153000000,,10,Manchester City,13,Premier League,https://cdn.sofifa.net/meta/team/9/30.png,5,LCM,4,"Jun 10, 2025",2030,105035,Netherlands,78,Friendly International,https://cdn.sofifa.net/flags/undefined.png,5,CAM,14,73,78,61,87,65,84,77,70,84,88,83,75,82,85,79,85,77,92,69,83,80,80,86,84,59,84,78,80,72,6,10,9,14,9,"Tiki Taka, Finesse Shot, Power Shot, Incisive Pass, Technical, One Club Player",https://sofifa.com/player/240638/tijjani-reijnders/260006/
239818,FC 26,Rúben Dias,Rúben Santos Gato Alves Dias,"Rúben Dias (Rúben dos Santos Gato Alves Dias, born 14 May 1997) is a Portuguese footballer who plays as a center back for British club Manchester City, and the Portugal national team. In the game FC 26, his overall rating is 86.",https://cdn.sofifa.net/players/239/818/26_360.png,187,82,1997-05-14,CB,86,87,64500000,190000,Right,4,2,4,Normal (185+),Yes,124200000,"#Tackling, #Tactician",10,Manchester City,13,Premier League,https://cdn.sofifa.net/meta/team/9/30.png,5,RCB,3,"Sep 29, 2020",2029,1354,Portugal,78,Friendly International,https://cdn.sofifa.net/flags/undefined.png,5,RCB,3,54,29,85,81,32,64,46,48,79,75,55,62,62,86,56,74,85,71,89,26,88,86,39,64,45,85,87,87,85,7,8,13,7,12,"Bruiser, Long Ball Pass, Injury Prone",https://sofifa.com/player/239818/ruben-santos-gato-alves-dias/260006/
237678,FC 26,I. Konaté,Ibrahima Konaté,"Ibrahima Konaté (born 25 May 1999) is a French footballer who plays as a center back for British club Liverpool, and the France national team. In the game FC 26, his overall rating is 86.",https://cdn.sofifa.net/players/237/678/26_360.png,194,95,1999-05-25,CB,86,87,70000000,155000,Right,3,3,4,Normal (185+),Yes,134800000,"#Aerial threat, #Tackling, #Strength",9,Liverpool,13,Premier League,https://cdn.sofifa.net/meta/team/8/30.png,5,RCB,5,"Jul 1, 2021",2026,1335,France,78,Friendly International,https://cdn.sofifa.net/flags/undefined.png,5,SUB,15,38,29,84,79,28,68,50,27,76,76,69,83,55,85,44,45,83,75,91,31,84,83,44,64,41,80,87,87,86,9,7,9,9,15,"Aerial Fortress, Bruiser",https://sofifa.com/player/237678/ibrahima-konate/260006/
235073,FC 26,G. Kobel,Gregor Kobel,"Gregor Kobel (born 6 December 1997) is a Swiss footballer who plays as a goalkeeper for German club Borussia Dortmund. In the game FC 26, his overall rating is 86.",https://cdn.sofifa.net/players/235/073/26_360.png,195,88,1997-12-06,GK,86,89,66500000,52000,Right,3,1,4,Normal (185+),Yes,118000000,,22,Borussia Dortmund,19,Bundesliga,https://cdn.sofifa.net/meta/team/68/30.png,5,GK,1,"Jul 1, 2021",2028,,,,,,,,,13,10,13,39,10,24,13,12,33,34,38,52,37,84,29,48,71,30,81,10,24,14,10,59,12,66,15,15,15,87,83,64,86,87,"Rush Out, Far Throw, Deflector",https://sofifa.com/player/235073/gregor-kobel/260006/
231281,FC 26,T. Alexander-Arnold,Trent Alexander-Arnold,"Trent Alexander-Arnold (Trent John Alexander-Arnold, born 7 October 1998) is a British footballer who plays as a right back for Spanish club Real Madrid, and the England national team. In the game FC 26, his overall rating is 86.",https://cdn.sofifa.net/players/231/281/26_360.png,180,78,1998-10-07,"RB, RM",86,87,73000000,250000,Right,4,3,4,Unique,Yes,155100000,#Crosser,243,Real Madrid,53,La Liga,https://cdn.sofifa.net/meta/team/3468/30.png,5,SUB,12,"Jun 1, 2025",2031,1318,England,78,Friendly International,https://cdn.sofifa.net/flags/undefined.png,5,RES,26,93,64,69,87,71,79,91,85,91,85,72,79,73,85,72,85,75,89,68,76,70,84,79,88,66,82,78,82,79,14,15,14,6,7,"Whipped Pass, Dead Ball, Incisive Pass, Long Ball Pass, Relentless",https://sofifa.com/player/231281/trent-alexander-arnold/260006/
211110,FC 26,P. Dybala,Paulo Dybala,"Paulo Dybala (Paulo Bruno Exequiel Dybala, born 15 November 1993) is an Argentine footballer who plays as a central attacking midfielder for Italian club Roma, and the Argentina national team. In the game FC 26, his overall rating is 86.",https://cdn.sofifa.net/players/211/110/26_360.png,177,75,1993-11-15,"CAM, ST",86,86,56500000,105000,Left,3,5,4,Unique,Yes,96100000,"#Dribbler, #FK Specialist, #Acrobat",52,Roma,31,Serie A,https://cdn.sofifa.net/meta/team/37/30.png,5,RAM,21,"Jul 20, 2022",2026,1369,Argentina,78,Friendly International,https://cdn.sofifa.net/flags/undefined.png,5,SUB,21,82,85,65,84,92,87,89,87,79,88,84,76,88,86,87,84,76,76,63,86,48,42,83,88,88,89,32,42,39,5,4,4,5,8,"Gamechanger, Finesse Shot, Dead Ball, Incisive Pass, Inventive, Technical, First Touch",https://sofifa.com/player/211110/paulo-dybala/260006/
208128,FC 26,H. Çalhanoğlu,Hakan Çalhanoğlu,"Hakan Çalhanoğlu (born 8 February 1994) is a Turkish footballer who plays as a central defensive midfielder for Italian club Inter. In the game FC 26, his overall rating is 86.",https://cdn.sofifa.net/players/208/128/26_360.png,178,69,1994-02-08,"CDM, CM",86,86,47500000,61000,Right,5,4,4,Normal (170-185),Yes,78400000,"#Playmaker, #Distance shooter, #Complete midfielder",44,Inter,31,Serie A,https://cdn.sofifa.net/meta/team/2930/30.png,5,CDM,20,"Jul 1, 2024",2027,,,,,,,,,78,75,65,90,78,78,88,85,89,87,74,68,83,87,77,87,73,81,65,87,83,82,73,89,92,85,81,85,80,9,14,11,6,10,"Incisive Pass, Dead Ball, Long Ball Pass, Inventive, Technical, First Touch, Relentless",https://sofifa.com/player/208128/hakan-calhanoglu/260006/
205452,FC 26,A. Rüdiger,Antonio Rüdiger,"Antonio Rüdiger (born 3 March 1993) is a German footballer who plays as a center back for Spanish club Real Madrid, and the Germany national team. In the game FC 26, his overall rating is 86.",https://cdn.sofifa.net/players/205/452/26_360.png,190,86,1993-03-03,CB,86,86,44000000,260000,Right,3,2,4,Lean (185+),Yes,90200000,#Strength,243,Real Madrid,53,La Liga,https://cdn.sofifa.net/meta/team/3468/30.png,5,RES,22,"Jul 1, 2022",2026,1337,Germany,78,Friendly International,https://cdn.sofifa.net/flags/undefined.png,5,RCB,2,68,40,83,83,34,69,50,56,81,74,70,87,56,85,50,84,89,70,91,67,93,83,54,61,40,80,84,85,84,14,15,10,12,8,"Aerial Fortress, Long Ball Pass, Jockey, Block, Bruiser",https://sofifa.com/player/205452/antonio-rudiger/260006/
192448,FC 26,M. ter Stegen,Marc-André ter Stegen,"Marc-André ter Stegen (born 30 April 1992) is a German footballer who plays as a goalkeeper for Spanish club FC Barcelona, and the Germany national team. In the game FC 26, his overall rating is 86.",https://cdn.sofifa.net/players/192/448/26_360.png,187,85,1992-04-30,GK,86,86,22000000,95000,Right,4,1,4,Unique,Yes,45100000,,241,FC Barcelona,53,La Liga,https://cdn.sofifa.net/meta/team/83/30.png,5,RES,1,"Jul 1, 2014",2028,1337,Germany,78,Friendly International,https://cdn.sofifa.net/flags/undefined.png,5,RES,21,18,14,11,61,14,21,18,12,63,30,45,50,39,84,43,67,72,35,78,10,43,22,11,70,25,70,25,13,10,84,84,89,84,85,"Long Ball Pass, Footwork, Rush Out",https://sofifa.com/player/192448/marc-andre-ter-stegen/260006/
158023,FC 26,L. Messi,Lionel Messi,"Lionel Messi (Lionel Andrés Messi Cuccitini, born 24 June 1987) is an Argentine footballer who plays as a right winger for American club Inter Miami, and the Argentina national team. In the game FC 26, his overall rating is 86.",https://cdn.sofifa.net/players/158/023/26_360.png,169,67,1987-06-24,"RW, ST, CAM, RM",86,86,22000000,17000,Left,4,4,4,Unique,Yes,33000000,"#Dribbler, #FK Specialist",112893,Inter Miami,39,Major League Soccer,https://cdn.sofifa.net/meta/team/239235/30.png,5,RS,10,"Jul 16, 2023",2025,1369,Argentina,78,Friendly International,https://cdn.sofifa.net/flags/undefined.png,5,RW,10,80,84,60,85,89,89,90,93,84,94,84,73,84,80,89,84,70,70,68,87,44,40,86,87,75,92,20,35,24,6,11,15,14,8,"Tiki Taka, Finesse Shot, Dead Ball, Gamechanger, Incisive Pass, Technical, Quick Step",https://sofifa.com/player/158023/lionel-messi/260006/
272834,FC 26,João Neves,João Pedro Gonçalves Neves,"João Neves (born 27 September 2004) is a Portuguese footballer who plays as a center midfield for French club Paris Saint-Germain, and the Portugal national team. In the game FC 26, his overall rating is 85.",https://cdn.sofifa.net/players/272/834/26_360.png,174,66,2004-09-27,"CM, CDM",85,90,79500000,90000,Right,4,3,3,Normal (170-185),Yes,153000000,,73,Paris Saint-Germain,16,Ligue 1,https://cdn.sofifa.net/meta/team/591/30.png,5,RCM,87,"Aug 5, 2024",2029,1354,Portugal,78,Friendly International,https://cdn.sofifa.net/flags/undefined.png,5,SUB,15,67,69,72,86,75,83,74,53,86,86,77,71,84,83,86,78,83,92,78,68,84,84,77,84,60,85,83,83,80,8,7,5,13,13,"Press Proven, Long Ball Pass, Tiki Taka, Aerial Fortress, Relentless, One Club Player",https://sofifa.com/player/272834/joao-pedro-goncalves-neves/260006/
271421,FC 26,D. Doué,Désiré Doué,"Désiré Doué (born 3 June 2005) is a French footballer who plays as a right winger for French club Paris Saint-Germain, and the France national team. In the game FC 26, his overall rating is 85.",https://cdn.sofifa.net/players/271/421/26_360.png,181,79,2005-06-03,"RW, LW, CM, RM",85,91,83500000,100000,Right,4,5,3,Normal (170-185),Yes,171200000,"#Dribbler, #Acrobat",73,Paris Saint-Germain,16,Ligue 1,https://cdn.sofifa.net/meta/team/591/30.png,5,RW,14,"Aug 17, 2024",2029,1335,France,78,Friendly International,https://cdn.sofifa.net/flags/undefined.png,5,LW,24,74,78,46,81,68,91,82,68,74,89,85,82,88,85,87,86,75,80,77,83,61,59,81,78,71,89,52,60,52,9,12,7,5,13,"Trickster, Gamechanger, Inventive, First Touch, Press Proven, Quick Step",https://sofifa.com/player/271421/desire-doue/260006/
247819,FC 26,N. Schlotterbeck,Nico Schlotterbeck,"Nico Schlotterbeck (Nico Cedric Schlotterbeck, born 1 December 1999) is a German footballer who plays as a center back for German club Borussia Dortmund. In the game FC 26, his overall rating is 85.",https://cdn.sofifa.net/players/247/819/26_360.png,191,86,1999-12-01,CB,85,88,63500000,72000,Left,2,2,3,Normal (185+),Yes,112700000,"#Tackling, #Strength",22,Borussia Dortmund,19,Bundesliga,https://cdn.sofifa.net/meta/team/68/30.png,5,CB,4,"Jul 1, 2022",2027,,,,,,,,,70,51,84,78,56,74,67,55,86,71,77,72,68,84,64,81,92,74,87,67,84,83,58,72,38,78,85,87,87,8,10,8,14,13,"Slide Tackle, Long Ball Pass, Jockey, Block, Anticipate, Long Throw",https://sofifa.com/player/247819/nico-schlotterbeck/260006/
246104,FC 26,R. Gravenberch,Ryan Gravenberch,"Ryan Gravenberch (Ryan Jiro Gravenberch, born 16 May 2002) is a Dutch footballer who plays as a central defensive midfielder for British club Liverpool, and the Netherlands national team. In the game FC 26, his overall rating is 85.",https://cdn.sofifa.net/players/246/104/26_360.png,190,77,2002-05-16,"CDM, CM",85,88,66500000,125000,Right,4,4,3,Lean (185+),Yes,128000000,#Tactician,9,Liverpool,13,Premier League,https://cdn.sofifa.net/meta/team/8/30.png,5,RDM,38,"Sep 1, 2023",2028,105035,Netherlands,78,Friendly International,https://cdn.sofifa.net/flags/undefined.png,5,RDM,8,74,78,67,86,71,88,76,70,82,87,76,76,76,84,70,79,81,85,80,76,76,88,75,81,58,88,80,82,78,12,8,6,11,12,"Intercept, Press Proven",https://sofifa.com/player/246104/ryan-gravenberch/260006/
244260,FC 26,Dani Olmo,Daniel Olmo Carvajal,"Dani Olmo (born 7 May 1998) is a Spanish footballer who plays as a central attacking midfielder for Spanish club FC Barcelona, and the Spain national team. In the game FC 26, his overall rating is 85.",https://cdn.sofifa.net/players/244/260/26_360.png,179,72,1998-05-07,"CAM, ST",85,86,62000000,140000,Right,4,4,3,Lean (170-185),Yes,131800000.00000001,"#Dribbler, #Playmaker, #Acrobat, #Complete midfielder",241,FC Barcelona,53,La Liga,https://cdn.sofifa.net/meta/team/83/30.png,5,CAM,20,"Jul 1, 2024",2030,1362,Spain,78,Friendly International,https://cdn.sofifa.net/flags/undefined.png,5,SUB,10,78,80,43,87,80,87,75,75,81,87,78,69,86,86,87,79,60,65,54,80,51,57,83,86,66,82,50,50,44,15,15,13,12,11,"Finesse Shot, Gamechanger, Incisive Pass, Tiki Taka, Technical, First Touch",https://sofifa.com/player/244260/daniel-olmo-carvajal/260006/
243812,FC 26,Rodrygo,Rodrygo Silva de Goes,"Rodrygo (born 9 January 2001) is a Brazilian footballer who plays as a right winger for Spanish club Real Madrid. In the game FC 26, his overall rating is 85.",https://cdn.sofifa.net/players/243/812/26_360.png,174,64,2001-01-09,"RW, ST, RM",85,90,81500000,220000,Right,4,4,4,Lean (170-185),Yes,173200000,"#Dribbler, #Acrobat",243,Real Madrid,53,La Liga,https://cdn.sofifa.net/meta/team/3468/30.png,5,SUB,11,"Jul 1, 2019",2028,,,,,,,,,79,83,67,79,67,88,82,77,73,87,89,87,86,83,84,76,77,81,59,77,52,21,83,84,82,85,24,34,30,9,8,12,8,5,"Finesse Shot, Dead Ball, Gamechanger, Inventive, Technical",https://sofifa.com/player/243812/rodrygo-silva-de-goes/260006/
243014,FC 26,B. Mbeumo,Bryan Mbeumo,"Bryan Mbeumo (Bryan Tetsadong Marceau Mbeumo, born 7 August 1999) is a Cameroonian footballer who plays as a right winger for British club Manchester United. In the game FC 26, his overall rating is 85.",https://cdn.sofifa.net/players/243/014/26_360.png,171,75,1999-08-07,"RW, RM, ST",85,86,64500000,135000,Left,2,4,3,Stocky (170-185),Yes,127400000,#Acrobat,11,Manchester United,13,Premier League,https://cdn.sofifa.net/meta/team/14/30.png,5,RW,19,"Jul 21, 2025",2030,,,,,,,,,84,87,63,80,85,83,84,72,69,84,90,87,90,81,85,83,81,85,71,77,74,52,84,80,85,83,53,41,37,7,14,15,13,14,"Gamechanger, Inventive, Rapid, First Touch, Quick Step, One Club Player",https://sofifa.com/player/243014/bryan-mbeumo/260006/
241084,FC 26,L. Díaz,Luis Díaz,"Luis Díaz (Luis Fernando Díaz Marulanda, born 13 January 1997) is a Colombian footballer who plays as a left midfield for German club FC Bayern München. In the game FC 26, his overall rating is 85.",https://cdn.sofifa.net/players/241/084/26_360.png,180,73,1997-01-13,"LM, LW, ST",85,85,54500000,100000,Right,4,4,3,Unique,Yes,89900000,"#Dribbler, #Acrobat",21,FC Bayern München,19,Bundesliga,https://cdn.sofifa.net/meta/team/503/30.png,5,LM,14,"Jul 30, 2025",2029,,,,,,,,,76,83,71,77,81,89,77,58,72,87,88,88,88,83,79,85,83,87,69,75,75,38,84,79,63,82,41,47,38,10,13,13,14,14,"Low Driven Shot, Inventive, Technical, Quick Step",https://sofifa.com/player/241084/luis-diaz/260006/
239580,FC 26,Bremer,Gleison Bremer Silva Nascimento,"Bremer (born 18 March 1997) is a Brazilian footballer who plays as a center back for Italian club Juventus. In the game FC 26, his overall rating is 85.",https://cdn.sofifa.net/players/239/580/26_360.png,187,84,1997-03-18,CB,85,86,51000000,170000,Right,2,2,4,Stocky (185+),Yes,90500000,,45,Juventus,31,Serie A,https://cdn.sofifa.net/meta/team/625/30.png,5,CB,3,"Jul 20, 2022",2029,,,,,,,,,46,49,87,75,38,62,42,24,69,68,78,86,65,78,63,68,92,65,84,39,84,84,58,45,43,78,87,87,84,13,15,13,5,6,"Precision Header, Long Ball Pass, Block, Aerial Fortress, Bruiser",https://sofifa.com/player/239580/gleison-bremer-silva-nascimento/260006/
237692,FC 26,P. Foden,Phil Foden,"Phil Foden (Philip Walter Foden, born 28 May 2000) is a British footballer who plays as a right winger for British club Manchester City, and the England national team. In the game FC 26, his overall rating is 85.",https://cdn.sofifa.net/players/237/692/26_360.png,171,70,2000-05-28,"RW, CM, LW, RM",85,88,71500000,180000,Left,3,4,3,Unique,Yes,137600000,"#Dribbler, #Acrobat",10,Manchester City,13,Premier League,https://cdn.sofifa.net/meta/team/9/30.png,5,SUB,47,"Dec 6, 2016",2027,1318,England,78,Friendly International,https://cdn.sofifa.net/flags/undefined.png,5,RW,7,80,82,47,82,59,89,88,74,81,89,83,79,92,82,92,89,59,83,41,81,64,59,83,83,64,85,60,59,47,8,15,6,10,13,"Low Driven Shot, Gamechanger, Inventive, Technical, First Touch",https://sofifa.com/player/237692/phil-foden/260006/
237238,FC 26,S. McTominay,Scott McTominay,"Scott McTominay (Scott Francis McTominay, born 8 December 1996) is a Scottish footballer who plays as a center midfield for Italian club Napoli, and the Scotland national team. In the game FC 26, his overall rating is 85.",https://cdn.sofifa.net/players/237/238/26_360.png,193,88,1996-12-08,"CM, CAM, LM",85,85,54000000,150000,Right,3,3,3,Normal (185+),Yes,91800000,,48,Napoli,31,Serie A,https://cdn.sofifa.net/meta/team/597/30.png,5,LM,8,"Aug 30, 2024",2029,1359,Scotland,78,Friendly International,https://cdn.sofifa.net/flags/undefined.png,5,CAM,4,66,84,81,84,76,84,69,60,81,85,70,80,55,86,48,86,86,92,82,81,84,81,87,79,60,80,78,81,75,9,6,6,10,11,"Precision Header, Low Driven Shot, Incisive Pass, Aerial Fortress, Technical, Enforcer",https://sofifa.com/player/237238/scott-mctominay/260006/
234236,FC 26,P. Schick,Patrik Schick,"Patrik Schick (born 24 January 1996) is a Czech footballer who plays as a striker for German club Bayer 04 Leverkusen, and the Czechia national team. In the game FC 26, his overall rating is 85.",https://cdn.sofifa.net/players/234/236/26_360.png,191,87,1996-01-24,ST,85,85,54000000,135000,Left,3,3,3,Normal (185+),Yes,91800000,,32,Bayer 04 Leverkusen,19,Bundesliga,https://cdn.sofifa.net/meta/team/3321/30.png,5,ST,14,"Sep 8, 2020",2030,1330,Czechia,78,Friendly International,https://cdn.sofifa.net/flags/undefined.png,5,SUB,10,64,86,88,78,84,81,78,56,64,83,72,72,80,85,67,85,91,69,85,78,65,25,87,75,63,85,44,29,19,11,15,8,9,14,"Precision Header, Acrobatic, Low Driven Shot",https://sofifa.com/player/234236/patrik-schick/260006/
230869,FC 26,Unai Simón,Unai Simón Mendibil,"Unai Simón (born 11 June 1997) is a Spanish footballer who plays as a goalkeeper for Spanish club Athletic Club, and the Spain national team. In the game FC 26, his overall rating is 85.",https://cdn.sofifa.net/players/230/869/26_360.png,190,88,1997-06-11,GK,85,86,43000000,48000,Right,3,1,3,Normal (185+),Yes,93500000,,448,Athletic Club,53,La Liga,https://cdn.sofifa.net/meta/team/13258/30.png,5,GK,1,"Aug 25, 2015",2029,1362,Spain,78,Friendly International,https://cdn.sofifa.net/flags/undefined.png,5,GK,23,16,14,18,38,17,12,20,14,34,16,48,50,37,82,47,57,74,44,76,13,29,26,14,48,24,40,11,18,12,84,80,76,84,85,"Pinged Pass, Footwork, Rush Out, Injury Prone",https://sofifa.com/player/230869/unai-simon-mendibil/260006/
229558,FC 26,D. Upamecano,Dayot Upamecano,"Dayot Upamecano (Dayotchanculle Oswald Upamecano, born 27 October 1998) is a French footballer who plays as a center back for German club FC Bayern München, and the France national team. In the game FC 26, his overall rating is 85.",https://cdn.sofifa.net/players/229/558/26_360.png,186,90,1998-10-27,CB,85,88,62500000,95000,Right,3,3,3,Stocky (185+),Yes,107800000,"#Tactician, #Strength",21,FC Bayern München,19,Bundesliga,https://cdn.sofifa.net/meta/team/503/30.png,5,RCB,2,"Jul 5, 2021",2026,1335,France,78,Friendly International,https://cdn.sofifa.net/flags/undefined.png,5,RCB,4,48,39,83,79,33,72,36,28,78,76,76,78,66,84,65,64,85,73,87,42,88,86,47,58,39,74,84,84,82,6,7,8,15,9,"Pinged Pass, Long Ball Pass, Jockey, Bruiser",https://sofifa.com/player/229558/dayot-upamecano/260006/
228093,FC 26,M. Thuram,Marcus Thuram,"Marcus Thuram (Marcus Lilian Thuram-Ulien, born 6 August 1997) is a French footballer who plays as a striker for Italian club Inter, and the France national team. In the game FC 26, his overall rating is 85.",https://cdn.sofifa.net/players/228/093/26_360.png,192,80,1997-08-06,ST,85,85,58500000,61000,Right,4,3,3,Normal (185+),Yes,96500000,,44,Inter,31,Serie A,https://cdn.sofifa.net/meta/team/2930/30.png,5,RS,9,"Jul 1, 2023",2028,1335,France,78,Friendly International,https://cdn.sofifa.net/flags/undefined.png,5,SUB,9,76,85,84,80,81,85,73,58,70,81,84,88,78,84,61,84,91,83,79,79,75,50,86,78,70,78,44,48,42,11,13,14,9,15,"Precision Header, Aerial Fortress, Rapid",https://sofifa.com/player/228093/marcus-thuram/260006/
226271,FC 26,Fabián Ruiz,Fabián Ruiz Peña,"Fabián Ruiz (born 3 April 1996) is a Spanish footballer who plays as a center midfield for French club Paris Saint-Germain, and the Spain national team. In the game FC 26, his overall rating is 85.",https://cdn.sofifa.net/players/226/271/26_360.png,189,70,1996-04-03,"CM, CDM",85,85,52500000,130000,Left,3,3,3,Lean (185+),Yes,97100000,,73,Paris Saint-Germain,16,Ligue 1,https://cdn.sofifa.net/meta/team/591/30.png,5,LCM,8,"Aug 31, 2022",2027,1362,Spain,78,Friendly International,https://cdn.sofifa.net/flags/undefined.png,5,LCM,8,72,76,68,85,67,82,75,61,83,86,61,61,66,85,67,78,70,84,67,82,68,79,84,84,67,82,71,79,75,16,11,7,13,13,"Finesse Shot, Long Ball Pass, Tiki Taka, First Touch",https://sofifa.com/player/226271/fabian-ruiz-pena/260006/
226268,FC 26,F. Dimarco,Federico Dimarco,"Federico Dimarco (born 10 November 1997) is an Italian footballer who plays as a left back for Italian club Inter, and the Italy national team. In the game FC 26, his overall rating is 85.",https://cdn.sofifa.net/players/226/268/26_360.png,175,76,1997-11-10,"LB, LM",85,85,52000000,54000,Left,4,3,3,Normal (170-185),Yes,85800000,#Crosser,44,Inter,31,Serie A,https://cdn.sofifa.net/meta/team/2930/30.png,5,LB,32,"Jul 5, 2018",2027,1343,Italy,78,Friendly International,https://cdn.sofifa.net/flags/undefined.png,5,LB,3,87,74,69,84,82,79,88,83,83,86,83,78,84,83,81,81,81,84,72,84,81,80,83,80,71,78,81,81,79,9,8,12,7,7,"Finesse Shot, Power Shot, Dead Ball, Low Driven Shot, Whipped Pass, First Touch",https://sofifa.com/player/226268/federico-dimarco/260006/
216393,FC 26,Y. Tielemans,Youri Tielemans,"Youri Tielemans (born 7 May 1997) is a Belgian footballer who plays as a center midfield for British club Aston Villa. In the game FC 26, his overall rating is 85.",https://cdn.sofifa.net/players/216/393/26_360.png,176,72,1997-05-07,"CM, CDM, CAM",85,85,54000000,170000,Right,4,4,3,Normal (170-185),Yes,102600000,#Playmaker,2,Aston Villa,13,Premier League,https://cdn.sofifa.net/meta/team/15/30.png,5,CAM,8,"Jul 1, 2023",2027,,,,,,,,,80,77,70,87,83,79,84,78,88,86,51,57,62,85,77,85,68,87,69,76,64,75,77,87,75,88,74,77,80,6,8,10,14,12,"Pinged Pass, Power Shot, Incisive Pass, Press Proven",https://sofifa.com/player/216393/youri-tielemans/260006/
215914,FC 26,N. Kanté,N'Golo Kanté,"N'Golo Kanté (born 29 March 1991) is a French footballer who plays as a central defensive midfielder for Saudi Arabian club Al Ittihad. In the game FC 26, his overall rating is 85.",https://cdn.sofifa.net/players/215/914/26_360.png,168,70,1991-03-29,"CDM, CM",85,85,18500000,74000,Right,3,2,3,Unique,Yes,29600000,"#Tackling, #Tactician",607,Al Ittihad,350,Pro League,https://cdn.sofifa.net/meta/team/476/30.png,5,RCM,7,"Jul 1, 2023",2026,,,,,,,,,68,64,54,79,56,78,49,49,77,80,80,74,78,85,93,71,74,89,72,65,85,88,72,75,54,82,88,90,85,15,12,10,7,10,"Intercept, Press Proven, Relentless, Injury Prone",https://sofifa.com/player/215914/ngolo-kante/260006/
210257,FC 26,Ederson,Ederson Santana de Moraes,"Ederson (born 17 August 1993) is a Brazilian footballer who plays as a goalkeeper for Turkish club Fenerbahçe SK. In the game FC 26, his overall rating is 85.",https://cdn.sofifa.net/players/210/257/26_360.png,188,86,1993-08-17,GK,85,85,28500000,57000,Left,3,1,3,Unique,Yes,54200000,,326,Fenerbahçe SK,68,Süper Lig,https://cdn.sofifa.net/meta/team/88/30.png,5,GK,31,"Sep 2, 2025",2028,,,,,,,,,20,14,14,65,18,30,39,20,68,45,64,63,60,82,48,68,78,44,78,18,38,27,20,70,65,70,29,15,8,83,82,91,83,83,"Long Ball Pass, Pinged Pass, Cross Claimer",https://sofifa.com/player/210257/ederson-santana-de-moraes/260006/
204963,FC 26,Carvajal,Daniel Carvajal Ramos,"Carvajal (born 11 January 1992) is a Spanish footballer who plays as a right back for Spanish club Real Madrid, and the Spain national team. In the game FC 26, his overall rating is 85.",https://cdn.sofifa.net/players/204/963/26_360.png,173,73,1992-01-11,"RB, RM",85,85,28000000,240000,Right,3,3,4,Unique,Yes,57400000,,243,Real Madrid,53,La Liga,https://cdn.sofifa.net/meta/team/3468/30.png,5,RB,2,"Jul 5, 2013",2026,1362,Spain,78,Friendly International,https://cdn.sofifa.net/flags/undefined.png,5,SUB,2,84,56,76,84,53,78,77,47,74,84,81,80,78,83,84,68,85,84,74,52,85,81,75,78,45,83,80,84,83,13,13,15,9,15,"Whipped Pass, Block, Relentless, Injury Prone",https://sofifa.com/player/204963/daniel-carvajal-ramos/260006/
204525,FC 26,Iñigo Martínez,Iñigo Martínez Berridi,"Iñigo Martínez (Íñigo Martínez Berridi, born 17 May 1991) is a Spanish footballer who plays as a center back for Saudi Arabian club Al Nassr. In the game FC 26, his overall rating is 85.",https://cdn.sofifa.net/players/204/525/26_360.png,182,76,1991-05-17,CB,85,85,17500000,74000,Left,3,2,3,Normal (170-185),Yes,28000000,"#Tackling, #Tactician",112139,Al Nassr,350,Pro League,https://cdn.sofifa.net/meta/team/2506/30.png,5,LCB,26,"Aug 10, 2025",2026,,,,,,,,,53,42,83,83,41,60,72,71,83,78,70,72,66,84,60,82,87,69,82,74,89,86,52,65,39,76,84,87,85,12,16,11,13,11,"Long Ball Pass, Slide Tackle",https://sofifa.com/player/204525/inigo-martinez-berridi/260006/
202811,FC 26,E. Martínez,Emiliano Martínez,"Emiliano Martínez (Damián Emiliano Martínez Romero, born 2 September 1992) is an Argentine footballer who plays as a goalkeeper for British club Aston Villa, and the Argentina national team. In the game FC 26, his overall rating is 85.",https://cdn.sofifa.net/players/202/811/26_360.png,195,88,1992-09-02,GK,85,85,26500000,105000,Right,4,1,3,Stocky (185+),Yes,50400000,,2,Aston Villa,13,Premier League,https://cdn.sofifa.net/meta/team/15/30.png,5,GK,23,"Sep 16, 2020",2029,1369,Argentina,78,Friendly International,https://cdn.sofifa.net/flags/undefined.png,5,GK,23,22,16,26,61,13,24,22,20,59,43,55,57,54,81,49,62,79,40,78,16,40,21,12,67,43,69,25,20,20,83,82,82,85,85,"Footwork, Rush Out",https://sofifa.com/player/202811/emiliano-martinez/260006/
200104,FC 26,H. Son,Heung Min Son,"Heung Min Son (孙兴慜, Heung-min Son, born 8 July 1992) is a Korean footballer who plays as a left winger for American club Los Angeles FC. In the game FC 26, his overall rating is 85.",https://cdn.sofifa.net/players/200/104/26_360.png,183,78,1992-07-08,"LW, ST, LM",85,85,43000000,21000,Right,5,4,3,Unique,Yes,64500000,,112996,Los Angeles FC,39,Major League Soccer,https://cdn.sofifa.net/meta/team/147671/30.png,5,ST,7,"Aug 6, 2025",2027,,,,,,,,,81,84,72,83,83,84,87,74,72,85,85,83,79,85,74,88,82,87,69,81,62,39,85,83,75,86,45,34,33,11,13,13,6,10,"Finesse Shot, Low Driven Shot, Gamechanger, Whipped Pass, First Touch, Injury Prone",https://sofifa.com/player/200104/heung-min-son/260006/
199503,FC 26,G. Xhaka,Granit Xhaka,"Granit Xhaka (born 27 September 1992) is a Swiss footballer who plays as a central defensive midfielder for British club Sunderland. In the game FC 26, his overall rating is 85.",https://cdn.sofifa.net/players/199/503/26_360.png,186,80,1992-09-27,"CDM, CM",85,85,36000000,105000,Left,3,3,3,Normal (185+),Yes,68400000,,106,Sunderland,13,Premier League,https://cdn.sofifa.net/meta/team/3/30.png,5,CDM,34,"Jul 30, 2025",2028,,,,,,,,,77,67,72,89,55,73,80,78,90,82,40,53,51,86,61,89,70,84,78,84,90,77,76,85,65,84,80,79,75,7,8,11,7,13,"Long Ball Pass, Finesse Shot, Power Shot, Incisive Pass, Aerial Fortress, Bruiser",https://sofifa.com/player/199503/granit-xhaka/260006/
194765,FC 26,A. Griezmann,Antoine Griezmann,"Antoine Griezmann (born 21 March 1991) is a French footballer who plays as a striker for Spanish club Atlético Madrid. In the game FC 26, his overall rating is 85.",https://cdn.sofifa.net/players/194/765/26_360.png,176,73,1991-03-21,"ST, LM, CAM",85,85,26000000,115000,Left,3,4,4,Unique,Yes,54600000,"#Dribbler, #Playmaker, #Acrobat, #Clinical finisher, #Complete midfielder, #Complete forward",240,Atlético Madrid,53,La Liga,https://cdn.sofifa.net/meta/team/7980/30.png,5,SUB,7,"Oct 10, 2022",2027,,,,,,,,,82,86,79,86,86,86,89,85,83,90,80,75,88,87,85,85,84,77,70,86,74,59,87,86,79,88,45,63,64,14,8,14,13,14,"Chip Shot, Finesse Shot, Gamechanger, Incisive Pass, Long Ball Pass, Inventive, Technical",https://sofifa.com/player/194765/antoine-griezmann/260006/
193080,FC 26,De Gea,David De Gea Quintana,"De Gea (David de Gea Quintana, born 7 November 1990) is a Spanish footballer who plays as a goalkeeper for Italian club Fiorentina. In the game FC 26, his overall rating is 85.",https://cdn.sofifa.net/players/193/080/26_360.png,192,76,1990-11-07,GK,85,85,9000000,55000,Right,2,1,3,Unique,Yes,15300000,,110374,Fiorentina,31,Serie A,https://cdn.sofifa.net/meta/team/109/30.png,5,GK,43,"Aug 9, 2024",2028,,,,,,,,,17,13,18,40,13,18,21,19,39,32,47,45,60,85,40,53,57,30,38,12,15,21,9,45,29,45,15,20,15,85,78,71,84,87,"Far Throw, Footwork, One Club Player",https://sofifa.com/player/193080/david-de-gea-quintana/260006/
185122,FC 26,P. Gulácsi,Péter Gulácsi,"Péter Gulácsi (born 6 May 1990) is a Hungarian footballer who plays as a goalkeeper for German club RB Leipzig. In the game FC 26, his overall rating is 85.",https://cdn.sofifa.net/players/185/122/26_360.png,193,86,1990-05-06,GK,85,85,6000000,35000,Right,2,1,3,Normal (185+),Yes,10200000,,112172,RB Leipzig,19,Bundesliga,https://cdn.sofifa.net/meta/team/277/30.png,5,GK,1,"Jul 1, 2015",2026,,,,,,,,,16,10,23,35,10,19,18,11,31,25,42,44,41,82,42,56,72,37,74,12,34,23,11,44,24,45,25,16,20,83,83,74,87,84,Footwork,https://sofifa.com/player/185122/peter-gulacsi/260006/
165153,FC 26,K. Benzema,Karim Benzema,"Karim Benzema (born 19 December 1987) is a French footballer who plays as a striker for Saudi Arabian club Al Ittihad. In the game FC 26, his overall rating is 85.",https://cdn.sofifa.net/players/165/153/26_360.png,185,81,1987-12-19,"ST, CAM",85,85,18500000,64000,Right,4,4,4,Normal (170-185),Yes,29600000,"#Playmaker, #Clinical finisher, #Complete midfielder",607,Al Ittihad,350,Pro League,https://cdn.sofifa.net/meta/team/476/30.png,5,ST,9,"Jul 1, 2023",2026,,,,,,,,,75,86,86,86,87,84,82,73,76,86,74,76,77,84,72,85,83,78,81,80,63,39,88,86,68,84,43,24,18,13,11,5,5,7,"Low Driven Shot, Finesse Shot, Gamechanger, Incisive Pass, First Touch, Relentless",https://sofifa.com/player/165153/karim-benzema/260006/
20801,FC 26,Cristiano Ronaldo,C. Ronaldo dos Santos Aveiro,"Cristiano Ronaldo (Cristiano Ronaldo dos Santos Aveiro, born 5 February 1985) is a Portuguese footballer who plays as a striker for Saudi Arabian club Al Nassr, and the Portugal national team. In the game FC 26, his overall rating is 85.",https://cdn.sofifa.net/players/020/801/26_360.png,187,85,1985-02-05,ST,85,85,0,58000,Right,4,5,3,Unique,Yes,,"#Distance shooter, #Clinical finisher",112139,Al Nassr,350,Pro League,https://cdn.sofifa.net/meta/team/2506/30.png,5,RS,7,"Jan 1, 2023",2027,1354,Portugal,78,Friendly International,https://cdn.sofifa.net/flags/undefined.png,5,ST,7,78,88,87,76,84,77,79,81,70,85,73,78,76,82,63,91,95,77,80,84,62,29,89,76,91,91,24,32,24,7,11,15,14,11,"Power Shot, Precision Header, Acrobatic, Low Driven Shot, Gamechanger, Aerial Fortress, Trickster",https://sofifa.com/player/20801/c-ronaldo-dos-santos-aveiro/260006/
264652,FC 26,B. Barcola,Bradley Barcola,"Bradley Barcola (born 2 September 2002) is a French footballer who plays as a left winger for French club Paris Saint-Germain, and the France national team. In the game FC 26, his overall rating is 84.",https://cdn.sofifa.net/players/264/652/26_360.png,188,70,2002-09-02,"LW, RW, LM",84,88,61500000,110000,Right,4,4,3,Lean (185+),Yes,118400000,"#Speedster, #Acrobat",73,Paris Saint-Germain,16,Ligue 1,https://cdn.sofifa.net/meta/team/591/30.png,5,SUB,29,"Aug 31, 2023",2028,1335,France,78,Friendly International,https://cdn.sofifa.net/flags/undefined.png,5,SUB,20,81,80,69,83,73,86,80,64,64,84,89,94,88,82,64,74,79,74,64,74,60,39,84,79,66,83,34,39,28,8,8,15,6,6,"Finesse Shot, Gamechanger, Rapid",https://sofifa.com/player/264652/bradley-barcola/260006/
262621,FC 26,G. Mamardashvili,Giorgi Mamardashvili,"Giorgi Mamardashvili (born 29 September 2000) is a footballer from Georgia (country)‎ who plays as a goalkeeper for British club Liverpool. In the game FC 26, his overall rating is 84.",https://cdn.sofifa.net/players/262/621/26_360.png,199,88,2000-09-29,GK,84,87,45000000,67000,Left,3,1,3,Normal (185+),Yes,86600000,,9,Liverpool,13,Premier League,https://cdn.sofifa.net/meta/team/8/30.png,5,SUB,25,"Aug 27, 2024",2030,,,,,,,,,13,9,14,20,7,11,11,10,20,22,48,48,40,74,26,54,71,45,74,7,25,8,8,34,11,26,5,12,10,84,81,72,84,84,"Far Throw, Footwork, Cross Claimer",https://sofifa.com/player/262621/giorgi-mamardashvili/260006/
259532,FC 26,Joan García,Joan García Pons,"Joan García (born 4 May 2001) is a Spanish footballer who plays as a goalkeeper for Spanish club FC Barcelona. In the game FC 26, his overall rating is 84.",https://cdn.sofifa.net/players/259/532/26_360.png,193,85,2001-05-04,GK,84,89,51000000,60000,Right,3,1,3,Lean (185+),Yes,108400000,,241,FC Barcelona,53,La Liga,https://cdn.sofifa.net/meta/team/83/30.png,5,RES,13,"Jul 1, 2025",2031,,,,,,,,,13,6,12,48,7,17,12,12,49,28,48,44,59,77,42,59,65,35,59,9,30,13,6,54,18,59,7,13,14,84,84,79,84,86,Cross Claimer,https://sofifa.com/player/259532/joan-garcia-pons/260006/
257279,FC 26,Álex Baena,Alejandro Baena Rodríguez,"Álex Baena (born 20 July 2001) is a Spanish footballer who plays as a left midfield for Spanish club Atlético Madrid, and the Spain national team. In the game FC 26, his overall rating is 84.",https://cdn.sofifa.net/players/257/279/26_360.png,175,70,2001-07-20,"LM, ST, LW",84,89,63500000,82000,Right,4,3,3,Lean (170-185),Yes,138100000,,240,Atlético Madrid,53,La Liga,https://cdn.sofifa.net/meta/team/7980/30.png,5,LM,10,"Jul 2, 2025",2030,1362,Spain,78,Friendly International,https://cdn.sofifa.net/flags/undefined.png,5,RES,26,85,77,58,87,69,83,78,80,83,84,79,79,80,82,76,77,71,78,60,76,76,66,82,84,68,75,67,66,64,6,11,8,12,11,"Dead Ball, Incisive Pass, Long Ball Pass, Tiki Taka, Inventive, Technical, First Touch",https://sofifa.com/player/257279/alejandro-baena-rodriguez/260006/
256675,FC 26,O. Marmoush,Omar Marmoush,"Omar Marmoush (Omar Khaled Mohamed Marmoush, born 7 February 1999) is an Egyptian footballer who plays as a striker for British club Manchester City. In the game FC 26, his overall rating is 84.",https://cdn.sofifa.net/players/256/675/26_360.png,183,81,1999-02-07,"ST, CAM, LW",84,85,50500000,175000,Right,3,4,3,Normal (170-185),Yes,97200000,"#Dribbler, #Acrobat, #Clinical finisher, #Complete forward",10,Manchester City,13,Premier League,https://cdn.sofifa.net/meta/team/9/30.png,5,SUB,7,"Jan 23, 2025",2029,,,,,,,,,64,87,69,85,82,87,77,84,63,86,87,90,89,85,78,85,80,76,67,84,72,34,87,79,79,84,31,30,21,11,13,15,8,11,"Finesse Shot, Dead Ball, Technical",https://sofifa.com/player/256675/omar-marmoush/260006/
